table,weight,side,r,d,value
unit prime,unit,prime,1,0,1.0000000000
unit prime,unit,prime,2,0,1.0000000000
unit prime,unit,prime,3,0,2.0000000000
unit prime,unit,prime,4,0,2.0000000000
unit prime,unit,prime,5,0,5.0000000000
unit prime,unit,prime,6,0,7.0000000000
unit prime,unit,prime,7,0,13.0000000000
unit prime,unit,prime,8,0,23.0000000000
unit prime,unit,prime,9,0,43.0000000000
unit prime,unit,prime,10,0,75.0000000000
unit prime,unit,prime,11,0,137.0000000000
unit prime,unit,prime,12,0,255.0000000000
unit prime,unit,prime,13,0,464.0000000000
unit prime,unit,prime,14,0,872.0000000000
unit prime,unit,prime,15,0,1612.0000000000
unit prime,unit,prime,16,0,3030.0000000000
unit prime,unit,prime,17,0,5709.0000000000
unit prime,unit,prime,18,0,10749.0000000000
unit prime,unit,prime,19,0,20390.0000000000
unit prime,unit,prime,20,0,38635.0000000000
unit prime,unit,prime,21,0,73586.0000000000
unit prime,unit,prime,22,0,140336.0000000000
unit prime,unit,prime,23,0,268216.0000000000
unit prime,unit,prime,24,0,513708.0000000000
unit prime,unit,prime,2,1,0.0000000000
unit prime,unit,prime,3,1,1.0000000000
unit prime,unit,prime,4,1,0.0000000000
unit prime,unit,prime,5,1,3.0000000000
unit prime,unit,prime,6,1,2.0000000000
unit prime,unit,prime,7,1,6.0000000000
unit prime,unit,prime,8,1,10.0000000000
unit prime,unit,prime,9,1,20.0000000000
unit prime,unit,prime,10,1,32.0000000000
unit prime,unit,prime,11,1,62.0000000000
unit prime,unit,prime,12,1,118.0000000000
unit prime,unit,prime,13,1,209.0000000000
unit prime,unit,prime,14,1,408.0000000000
unit prime,unit,prime,15,1,740.0000000000
unit prime,unit,prime,16,1,1418.0000000000
unit prime,unit,prime,17,1,2679.0000000000
unit prime,unit,prime,18,1,5040.0000000000
unit prime,unit,prime,19,1,9641.0000000000
unit prime,unit,prime,20,1,18245.0000000000
unit prime,unit,prime,21,1,34951.0000000000
unit prime,unit,prime,22,1,66750.0000000000
unit prime,unit,prime,23,1,127880.0000000000
unit prime,unit,prime,24,1,245492.0000000000
unit prime,unit,prime,3,2,1.0000000000
unit prime,unit,prime,4,2,-1.0000000000
unit prime,unit,prime,5,2,3.0000000000
unit prime,unit,prime,6,2,-1.0000000000
unit prime,unit,prime,7,2,4.0000000000
unit prime,unit,prime,8,2,4.0000000000
unit prime,unit,prime,9,2,10.0000000000
unit prime,unit,prime,10,2,12.0000000000
unit prime,unit,prime,11,2,30.0000000000
unit prime,unit,prime,12,2,56.0000000000
unit prime,unit,prime,13,2,91.0000000000
unit prime,unit,prime,14,2,199.0000000000
unit prime,unit,prime,15,2,332.0000000000
unit prime,unit,prime,16,2,678.0000000000
unit prime,unit,prime,17,2,1261.0000000000
unit prime,unit,prime,18,2,2361.0000000000
unit prime,unit,prime,19,2,4601.0000000000
unit prime,unit,prime,20,2,8604.0000000000
unit prime,unit,prime,21,2,16706.0000000000
unit prime,unit,prime,22,2,31799.0000000000
unit prime,unit,prime,23,2,61130.0000000000
unit prime,unit,prime,24,2,117612.0000000000
unit prime,unit,prime,4,3,-2.0000000000
unit prime,unit,prime,5,3,4.0000000000
unit prime,unit,prime,6,3,-4.0000000000
unit prime,unit,prime,7,3,5.0000000000
unit prime,unit,prime,8,3,0.0000000000
unit prime,unit,prime,9,3,6.0000000000
unit prime,unit,prime,10,3,2.0000000000
unit prime,unit,prime,11,3,18.0000000000
unit prime,unit,prime,12,3,26.0000000000
unit prime,unit,prime,13,3,35.0000000000
unit prime,unit,prime,14,3,108.0000000000
unit prime,unit,prime,15,3,133.0000000000
unit prime,unit,prime,16,3,346.0000000000
unit prime,unit,prime,17,3,583.0000000000
unit prime,unit,prime,18,3,1100.0000000000
unit prime,unit,prime,19,3,2240.0000000000
unit prime,unit,prime,20,3,4003.0000000000
unit prime,unit,prime,21,3,8102.0000000000
unit prime,unit,prime,22,3,15093.0000000000
unit prime,unit,prime,23,3,29331.0000000000
unit prime,unit,prime,24,3,56482.0000000000
unit prime,unit,prime,5,4,6.0000000000
unit prime,unit,prime,6,4,-8.0000000000
unit prime,unit,prime,7,4,9.0000000000
unit prime,unit,prime,8,4,-5.0000000000
unit prime,unit,prime,9,4,6.0000000000
unit prime,unit,prime,10,4,-4.0000000000
unit prime,unit,prime,11,4,16.0000000000
unit prime,unit,prime,12,4,8.0000000000
unit prime,unit,prime,13,4,9.0000000000
unit prime,unit,prime,14,4,73.0000000000
unit prime,unit,prime,15,4,25.0000000000
unit prime,unit,prime,16,4,213.0000000000
unit prime,unit,prime,17,4,237.0000000000
unit prime,unit,prime,18,4,517.0000000000
unit prime,unit,prime,19,4,1140.0000000000
unit prime,unit,prime,20,4,1763.0000000000
unit prime,unit,prime,21,4,4099.0000000000
unit prime,unit,prime,22,4,6991.0000000000
unit prime,unit,prime,23,4,14238.0000000000
unit prime,unit,prime,24,4,27151.0000000000
unit prime,unit,prime,6,5,-14.0000000000
unit prime,unit,prime,7,5,17.0000000000
unit prime,unit,prime,8,5,-14.0000000000
unit prime,unit,prime,9,5,11.0000000000
unit prime,unit,prime,10,5,-10.0000000000
unit prime,unit,prime,11,5,20.0000000000
unit prime,unit,prime,12,5,-8.0000000000
unit prime,unit,prime,13,5,1.0000000000
unit prime,unit,prime,14,5,64.0000000000
unit prime,unit,prime,15,5,-48.0000000000
unit prime,unit,prime,16,5,188.0000000000
unit prime,unit,prime,17,5,24.0000000000
unit prime,unit,prime,18,5,280.0000000000
unit prime,unit,prime,19,5,623.0000000000
unit prime,unit,prime,20,5,623.0000000000
unit prime,unit,prime,21,5,2336.0000000000
unit prime,unit,prime,22,5,2892.0000000000
unit prime,unit,prime,23,5,7247.0000000000
unit prime,unit,prime,24,5,12913.0000000000
log prime,log,prime,1,0,0.6931471806
log prime,log,prime,2,0,1.0986122887
log prime,log,prime,3,0,3.5553480615
log prime,log,prime,4,0,4.9628446303
log prime,log,prime,5,0,15.7144295736
log prime,log,prime,6,0,27.0945409184
log prime,log,prime,7,0,58.7950688730
log prime,log,prime,8,0,120.2049685496
log prime,log,prime,9,0,254.8885222657
log prime,log,prime,10,0,496.9302841547
log prime,log,prime,11,0,1001.5694143268
log prime,log,prime,12,0,2041.8997252332
log prime,log,prime,13,0,4036.7319160366
log prime,log,prime,14,0,8190.9491882302
log prime,log,prime,15,0,16259.7426402753
log prime,log,prime,16,0,32659.4313766128
log prime,log,prime,17,0,65499.8145339662
log prime,log,prime,18,0,130776.1261696227
log prime,log,prime,19,0,262215.1110712197
log prime,log,prime,20,0,523629.6843626971
log prime,log,prime,21,0,1048340.3971806891
log prime,log,prime,22,0,2096591.7557123101
log prime,log,prime,23,0,4193027.5537190610
log prime,log,prime,24,0,8386926.7136399485
log prime,log,prime,2,1,0.4054651081
log prime,log,prime,3,1,2.4567357728
log prime,log,prime,4,1,1.4074965688
log prime,log,prime,5,1,10.7515849434
log prime,log,prime,6,1,11.3801113448
log prime,log,prime,7,1,31.7005279546
log prime,log,prime,8,1,61.4098996766
log prime,log,prime,9,1,134.6835537161
log prime,log,prime,10,1,242.0417618890
log prime,log,prime,11,1,504.6391301721
log prime,log,prime,12,1,1040.3303109064
log prime,log,prime,13,1,1994.8321908035
log prime,log,prime,14,1,4154.2172721936
log prime,log,prime,15,1,8068.7934520451
log prime,log,prime,16,1,16399.6887363375
log prime,log,prime,17,1,32840.3831573533
log prime,log,prime,18,1,65276.3116356566
log prime,log,prime,19,1,131438.9849015970
log prime,log,prime,20,1,261414.5732914774
log prime,log,prime,21,1,524710.7128179921
log prime,log,prime,22,1,1048251.3585316209
log prime,log,prime,23,1,2096435.7980067509
log prime,log,prime,24,1,4193899.1599208876
log prime,log,prime,3,2,2.0512706647
log prime,log,prime,4,2,-1.0492392041
log prime,log,prime,5,2,9.3440883746
log prime,log,prime,6,2,0.6285264014
log prime,log,prime,7,2,20.3204166099
log prime,log,prime,8,2,29.7093717220
log prime,log,prime,9,2,73.2736540396
log prime,log,prime,10,2,107.3582081728
log prime,log,prime,11,2,262.5973682831
log prime,log,prime,12,2,535.6911807344
log prime,log,prime,13,2,954.5018798971
log prime,log,prime,14,2,2159.3850813901
log prime,log,prime,15,2,3914.5761798515
log prime,log,prime,16,2,8330.8952842924
log prime,log,prime,17,2,16440.6944210158
log prime,log,prime,18,2,32435.9284783032
log prime,log,prime,19,2,66162.6732659405
log prime,log,prime,20,2,129975.5883898804
log prime,log,prime,21,2,263296.1395265147
log prime,log,prime,22,2,523540.6457136289
log prime,log,prime,23,2,1048184.4394751299
log prime,log,prime,24,2,2097463.3619141364
log prime,log,prime,4,3,-3.1005098688
log prime,log,prime,5,3,10.3933275786
log prime,log,prime,6,3,-8.7155619732
log prime,log,prime,7,3,19.6918902085
log prime,log,prime,8,3,9.3889551121
log prime,log,prime,9,3,43.5642823176
log prime,log,prime,10,3,34.0845541333
log prime,log,prime,11,3,155.2391601103
log prime,log,prime,12,3,273.0938124513
log prime,log,prime,13,3,418.8106991627
log prime,log,prime,14,3,1204.8832014931
log prime,log,prime,15,3,1755.1910984614
log prime,log,prime,16,3,4416.3191044409
log prime,log,prime,17,3,8109.7991367234
log prime,log,prime,18,3,15995.2340572874
log prime,log,prime,19,3,33726.7447876373
log prime,log,prime,20,3,63812.9151239399
log prime,log,prime,21,3,133320.5511366343
log prime,log,prime,22,3,260244.5061871142
log prime,log,prime,23,3,524643.7937615011
log prime,log,prime,24,3,1049278.9224390066
log prime,log,prime,5,4,13.4938374474
log prime,log,prime,6,4,-19.1088895518
log prime,log,prime,7,4,28.4074521817
log prime,log,prime,8,4,-10.3029350964
log prime,log,prime,9,4,34.1753272055
log prime,log,prime,10,4,-9.4797281843
log prime,log,prime,11,4,121.1546059770
log prime,log,prime,12,4,117.8546523410
log prime,log,prime,13,4,145.7168867114
log prime,log,prime,14,4,786.0725023304
log prime,log,prime,15,4,550.3078969683
log prime,log,prime,16,4,2661.1280059795
log prime,log,prime,17,4,3693.4800322825
log prime,log,prime,18,4,7885.4349205640
log prime,log,prime,19,4,17731.5107303498
log prime,log,prime,20,4,30086.1703363026
log prime,log,prime,21,4,69507.6360126944
log prime,log,prime,22,4,126923.9550504799
log prime,log,prime,23,4,264399.2875743869
log prime,log,prime,24,4,524635.1286775055
log prime,log,prime,6,5,-32.6027269992
log prime,log,prime,7,5,47.5163417335
log prime,log,prime,8,5,-38.7103872781
log prime,log,prime,9,5,44.4782623019
log prime,log,prime,10,5,-43.6550553898
log prime,log,prime,11,5,130.6343341614
log prime,log,prime,12,5,-3.2999536360
log prime,log,prime,13,5,27.8622343704
log prime,log,prime,14,5,640.3556156190
log prime,log,prime,15,5,-235.7646053620
log prime,log,prime,16,5,2110.8201090111
log prime,log,prime,17,5,1032.3520263030
log prime,log,prime,18,5,4191.9548882815
log prime,log,prime,19,5,9846.0758097858
log prime,log,prime,20,5,12354.6596059528
log prime,log,prime,21,5,39421.4656763918
log prime,log,prime,22,5,57416.3190377854
log prime,log,prime,23,5,137475.3325239071
log prime,log,prime,24,5,260235.8411031186
beat prime,beat,prime,1,0,0.7071067812
beat prime,beat,prime,2,0,0.5773502692
beat prime,beat,prime,3,0,0.8251780685
beat prime,beat,prime,4,0,0.5788614427
beat prime,beat,prime,5,0,1.0457664132
beat prime,beat,prime,6,0,1.0145226659
beat prime,beat,prime,7,0,1.3609968740
beat prime,beat,prime,8,0,1.6940137684
beat prime,beat,prime,9,0,2.2313587971
beat prime,beat,prime,10,0,2.7439398429
beat prime,beat,prime,11,0,3.5592980664
beat prime,beat,prime,12,0,4.6764349578
beat prime,beat,prime,13,0,6.0185046899
beat prime,beat,prime,14,0,7.9974444362
beat prime,beat,prime,15,0,10.4520331851
beat prime,beat,prime,16,0,13.9003261047
beat prime,beat,prime,17,0,18.5081201397
beat prime,beat,prime,18,0,24.6387817813
beat prime,beat,prime,19,0,33.0411453588
beat prime,beat,prime,20,0,44.2660868300
beat prime,beat,prime,21,0,59.6153307301
beat prime,beat,prime,22,0,80.3850837343
beat prime,beat,prime,23,0,108.6321253716
beat prime,beat,prime,24,0,147.1153298953
beat prime,beat,prime,2,1,-0.1297565120
beat prime,beat,prime,3,1,0.2478277993
beat prime,beat,prime,4,1,-0.2463166258
beat prime,beat,prime,5,1,0.4669049705
beat prime,beat,prime,6,1,-0.0312437473
beat prime,beat,prime,7,1,0.3464742081
beat prime,beat,prime,8,1,0.3330168943
beat prime,beat,prime,9,1,0.5373450288
beat prime,beat,prime,10,1,0.5125810457
beat prime,beat,prime,11,1,0.8153582235
beat prime,beat,prime,12,1,1.1171368914
beat prime,beat,prime,13,1,1.3420697321
beat prime,beat,prime,14,1,1.9789397463
beat prime,beat,prime,15,1,2.4545887489
beat prime,beat,prime,16,1,3.4482929196
beat prime,beat,prime,17,1,4.6077940350
beat prime,beat,prime,18,1,6.1306616417
beat prime,beat,prime,19,1,8.4023635775
beat prime,beat,prime,20,1,11.2249414712
beat prime,beat,prime,21,1,15.3492439001
beat prime,beat,prime,22,1,20.7697530042
beat prime,beat,prime,23,1,28.2470416373
beat prime,beat,prime,24,1,38.4832045238
beat prime,beat,prime,3,2,0.3775843113
beat prime,beat,prime,4,2,-0.4941444251
beat prime,beat,prime,5,2,0.7132215963
beat prime,beat,prime,6,2,-0.4981487178
beat prime,beat,prime,7,2,0.3777179554
beat prime,beat,prime,8,2,-0.0134573138
beat prime,beat,prime,9,2,0.2043281345
beat prime,beat,prime,10,2,-0.0247639831
beat prime,beat,prime,11,2,0.3027771778
beat prime,beat,prime,12,2,0.3017786679
beat prime,beat,prime,13,2,0.2249328407
beat prime,beat,prime,14,2,0.6368700142
beat prime,beat,prime,15,2,0.4756490026
beat prime,beat,prime,16,2,0.9937041707
beat prime,beat,prime,17,2,1.1595011154
beat prime,beat,prime,18,2,1.5228676067
beat prime,beat,prime,19,2,2.2717019358
beat prime,beat,prime,20,2,2.8225778937
beat prime,beat,prime,21,2,4.1243024288
beat prime,beat,prime,22,2,5.4205091041
beat prime,beat,prime,23,2,7.4772886331
beat prime,beat,prime,24,2,10.2361628865
beat prime,beat,prime,4,3,-0.8717287365
beat prime,beat,prime,5,3,1.2073660214
beat prime,beat,prime,6,3,-1.2113703141
beat prime,beat,prime,7,3,0.8758666732
beat prime,beat,prime,8,3,-0.3911752692
beat prime,beat,prime,9,3,0.2177854482
beat prime,beat,prime,10,3,-0.2290921175
beat prime,beat,prime,11,3,0.3275411609
beat prime,beat,prime,12,3,-0.0009985100
beat prime,beat,prime,13,3,-0.0768458272
beat prime,beat,prime,14,3,0.4119371736
beat prime,beat,prime,15,3,-0.1612210116
beat prime,beat,prime,16,3,0.5180551680
beat prime,beat,prime,17,3,0.1657969448
beat prime,beat,prime,18,3,0.3633664912
beat prime,beat,prime,19,3,0.7488343292
beat prime,beat,prime,20,3,0.5508759579
beat prime,beat,prime,21,3,1.3017245351
beat prime,beat,prime,22,3,1.2962066752
beat prime,beat,prime,23,3,2.0567795290
beat prime,beat,prime,24,3,2.7588742534
beat prime,beat,prime,5,4,2.0790947579
beat prime,beat,prime,6,4,-2.4187363355
beat prime,beat,prime,7,4,2.0872369872
beat prime,beat,prime,8,4,-1.2670419424
beat prime,beat,prime,9,4,0.6089607174
beat prime,beat,prime,10,4,-0.4468775658
beat prime,beat,prime,11,4,0.5566332784
beat prime,beat,prime,12,4,-0.3285396709
beat prime,beat,prime,13,4,-0.0758473173
beat prime,beat,prime,14,4,0.4887830008
beat prime,beat,prime,15,4,-0.5731581852
beat prime,beat,prime,16,4,0.6792761796
beat prime,beat,prime,17,4,-0.3522582233
beat prime,beat,prime,18,4,0.1975695465
beat prime,beat,prime,19,4,0.3854678379
beat prime,beat,prime,20,4,-0.1979583713
beat prime,beat,prime,21,4,0.7508485772
beat prime,beat,prime,22,4,-0.0055178599
beat prime,beat,prime,23,4,0.7605728538
beat prime,beat,prime,24,4,0.7020947243
beat prime,beat,prime,6,5,-4.4978310934
beat prime,beat,prime,7,5,4.5059733227
beat prime,beat,prime,8,5,-3.3542789296
beat prime,beat,prime,9,5,1.8760026598
beat prime,beat,prime,10,5,-1.0558382832
beat prime,beat,prime,11,5,1.0035108442
beat prime,beat,prime,12,5,-0.8851729493
beat prime,beat,prime,13,5,0.2526923536
beat prime,beat,prime,14,5,0.5646303180
beat prime,beat,prime,15,5,-1.0619411860
beat prime,beat,prime,16,5,1.2524343648
beat prime,beat,prime,17,5,-1.0315344029
beat prime,beat,prime,18,5,0.5498277697
beat prime,beat,prime,19,5,0.1878982914
beat prime,beat,prime,20,5,-0.5834262092
beat prime,beat,prime,21,5,0.9488069485
beat prime,beat,prime,22,5,-0.7563664371
beat prime,beat,prime,23,5,0.7660907136
beat prime,beat,prime,24,5,-0.0584781294
unit comp,unit,comp,1,0,0.0000000000
unit comp,unit,comp,2,0,1.0000000000
unit comp,unit,comp,3,0,2.0000000000
unit comp,unit,comp,4,0,6.0000000000
unit comp,unit,comp,5,0,11.0000000000
unit comp,unit,comp,6,0,25.0000000000
unit comp,unit,comp,7,0,51.0000000000
unit comp,unit,comp,8,0,105.0000000000
unit comp,unit,comp,9,0,213.0000000000
unit comp,unit,comp,10,0,437.0000000000
unit comp,unit,comp,11,0,887.0000000000
unit comp,unit,comp,12,0,1793.0000000000
unit comp,unit,comp,13,0,3632.0000000000
unit comp,unit,comp,14,0,7320.0000000000
unit comp,unit,comp,15,0,14772.0000000000
unit comp,unit,comp,16,0,29738.0000000000
unit comp,unit,comp,17,0,59827.0000000000
unit comp,unit,comp,18,0,120323.0000000000
unit comp,unit,comp,19,0,241754.0000000000
unit comp,unit,comp,20,0,485653.0000000000
unit comp,unit,comp,21,0,974990.0000000000
unit comp,unit,comp,22,0,1956816.0000000000
unit comp,unit,comp,23,0,3926088.0000000000
unit comp,unit,comp,24,0,7874900.0000000000
unit comp,unit,comp,2,1,1.0000000000
unit comp,unit,comp,3,1,1.0000000000
unit comp,unit,comp,4,1,4.0000000000
unit comp,unit,comp,5,1,5.0000000000
unit comp,unit,comp,6,1,14.0000000000
unit comp,unit,comp,7,1,26.0000000000
unit comp,unit,comp,8,1,54.0000000000
unit comp,unit,comp,9,1,108.0000000000
unit comp,unit,comp,10,1,224.0000000000
unit comp,unit,comp,11,1,450.0000000000
unit comp,unit,comp,12,1,906.0000000000
unit comp,unit,comp,13,1,1839.0000000000
unit comp,unit,comp,14,1,3688.0000000000
unit comp,unit,comp,15,1,7452.0000000000
unit comp,unit,comp,16,1,14966.0000000000
unit comp,unit,comp,17,1,30089.0000000000
unit comp,unit,comp,18,1,60496.0000000000
unit comp,unit,comp,19,1,121431.0000000000
unit comp,unit,comp,20,1,243899.0000000000
unit comp,unit,comp,21,1,489337.0000000000
unit comp,unit,comp,22,1,981826.0000000000
unit comp,unit,comp,23,1,1969272.0000000000
unit comp,unit,comp,24,1,3948812.0000000000
unit comp,unit,comp,3,2,0.0000000000
unit comp,unit,comp,4,2,3.0000000000
unit comp,unit,comp,5,2,1.0000000000
unit comp,unit,comp,6,2,9.0000000000
unit comp,unit,comp,7,2,12.0000000000
unit comp,unit,comp,8,2,28.0000000000
unit comp,unit,comp,9,2,54.0000000000
unit comp,unit,comp,10,2,116.0000000000
unit comp,unit,comp,11,2,226.0000000000
unit comp,unit,comp,12,2,456.0000000000
unit comp,unit,comp,13,2,933.0000000000
unit comp,unit,comp,14,2,1849.0000000000
unit comp,unit,comp,15,2,3764.0000000000
unit comp,unit,comp,16,2,7514.0000000000
unit comp,unit,comp,17,2,15123.0000000000
unit comp,unit,comp,18,2,30407.0000000000
unit comp,unit,comp,19,2,60935.0000000000
unit comp,unit,comp,20,2,122468.0000000000
unit comp,unit,comp,21,2,245438.0000000000
unit comp,unit,comp,22,2,492489.0000000000
unit comp,unit,comp,23,2,987446.0000000000
unit comp,unit,comp,24,2,1979540.0000000000
unit comp,unit,comp,4,3,3.0000000000
unit comp,unit,comp,5,3,-2.0000000000
unit comp,unit,comp,6,3,8.0000000000
unit comp,unit,comp,7,3,3.0000000000
unit comp,unit,comp,8,3,16.0000000000
unit comp,unit,comp,9,3,26.0000000000
unit comp,unit,comp,10,3,62.0000000000
unit comp,unit,comp,11,3,110.0000000000
unit comp,unit,comp,12,3,230.0000000000
unit comp,unit,comp,13,3,477.0000000000
unit comp,unit,comp,14,3,916.0000000000
unit comp,unit,comp,15,3,1915.0000000000
unit comp,unit,comp,16,3,3750.0000000000
unit comp,unit,comp,17,3,7609.0000000000
unit comp,unit,comp,18,3,15284.0000000000
unit comp,unit,comp,19,3,30528.0000000000
unit comp,unit,comp,20,3,61533.0000000000
unit comp,unit,comp,21,3,122970.0000000000
unit comp,unit,comp,22,3,247051.0000000000
unit comp,unit,comp,23,3,494957.0000000000
unit comp,unit,comp,24,3,992094.0000000000
unit comp,unit,comp,5,4,-5.0000000000
unit comp,unit,comp,6,4,10.0000000000
unit comp,unit,comp,7,4,-5.0000000000
unit comp,unit,comp,8,4,13.0000000000
unit comp,unit,comp,9,4,10.0000000000
unit comp,unit,comp,10,4,36.0000000000
unit comp,unit,comp,11,4,48.0000000000
unit comp,unit,comp,12,4,120.0000000000
unit comp,unit,comp,13,4,247.0000000000
unit comp,unit,comp,14,4,439.0000000000
unit comp,unit,comp,15,4,999.0000000000
unit comp,unit,comp,16,4,1835.0000000000
unit comp,unit,comp,17,4,3859.0000000000
unit comp,unit,comp,18,4,7675.0000000000
unit comp,unit,comp,19,4,15244.0000000000
unit comp,unit,comp,20,4,31005.0000000000
unit comp,unit,comp,21,4,61437.0000000000
unit comp,unit,comp,22,4,124081.0000000000
unit comp,unit,comp,23,4,247906.0000000000
unit comp,unit,comp,24,4,497137.0000000000
unit comp,unit,comp,6,5,15.0000000000
unit comp,unit,comp,7,5,-15.0000000000
unit comp,unit,comp,8,5,18.0000000000
unit comp,unit,comp,9,5,-3.0000000000
unit comp,unit,comp,10,5,26.0000000000
unit comp,unit,comp,11,5,12.0000000000
unit comp,unit,comp,12,5,72.0000000000
unit comp,unit,comp,13,5,127.0000000000
unit comp,unit,comp,14,5,192.0000000000
unit comp,unit,comp,15,5,560.0000000000
unit comp,unit,comp,16,5,836.0000000000
unit comp,unit,comp,17,5,2024.0000000000
unit comp,unit,comp,18,5,3816.0000000000
unit comp,unit,comp,19,5,7569.0000000000
unit comp,unit,comp,20,5,15761.0000000000
unit comp,unit,comp,21,5,30432.0000000000
unit comp,unit,comp,22,5,62644.0000000000
unit comp,unit,comp,23,5,123825.0000000000
unit comp,unit,comp,24,5,249231.0000000000
log comp,log,comp,1,0,0.0000000000
log comp,log,comp,2,0,1.3862943611
log comp,log,comp,3,0,3.8712010109
log comp,log,comp,4,0,15.1044125731
log comp,log,comp,5,0,35.1716697764
log comp,log,comp,6,0,96.5156991081
log comp,log,comp,7,0,232.4422101316
log comp,log,comp,8,0,550.6468315261
log comp,log,comp,9,0,1263.9146707977
log comp,log,comp,10,0,2895.2211289690
log comp,log,comp,11,0,6492.1696732940
log comp,log,comp,12,0,14364.7973632400
log comp,log,comp,13,0,31615.4465694106
log comp,log,comp,14,0,68791.3229274799
log comp,log,comp,15,0,149060.9784314781
log comp,log,comp,16,0,320694.7110097067
log comp,log,comp,17,0,686634.2172921668
log comp,log,comp,18,0,1464343.7781603597
log comp,log,comp,19,0,3109728.7255163379
log comp,log,comp,20,0,6583666.3912404785
log comp,log,comp,21,0,13893068.9054550156
log comp,log,comp,22,0,29239861.4989912175
log comp,log,comp,23,0,61387148.6011257395
log comp,log,comp,24,0,128587965.2334986925
log comp,log,comp,2,1,1.3862943611
log comp,log,comp,3,1,2.4849066498
log comp,log,comp,4,1,11.2332115622
log comp,log,comp,5,1,20.0672572033
log comp,log,comp,6,1,61.3440293317
log comp,log,comp,7,1,135.9265110234
log comp,log,comp,8,1,318.2046213945
log comp,log,comp,9,1,713.2678392717
log comp,log,comp,10,1,1631.3064581713
log comp,log,comp,11,1,3596.9485443250
log comp,log,comp,12,1,7872.6276899460
log comp,log,comp,13,1,17250.6492061706
log comp,log,comp,14,1,37175.8763580693
log comp,log,comp,15,1,80269.6555039982
log comp,log,comp,16,1,171633.7325782286
log comp,log,comp,17,1,365939.5062824601
log comp,log,comp,18,1,777709.5608681929
log comp,log,comp,19,1,1645384.9473559782
log comp,log,comp,20,1,3473937.6657241406
log comp,log,comp,21,1,7309402.5142145371
log comp,log,comp,22,1,15346792.5935362019
log comp,log,comp,23,1,32147287.1021345221
log comp,log,comp,24,1,67200816.6323729455
log comp,log,comp,3,2,1.0986122887
log comp,log,comp,4,2,8.7483049124
log comp,log,comp,5,2,8.8340456412
log comp,log,comp,6,2,41.2767721284
log comp,log,comp,7,2,74.5824816917
log comp,log,comp,8,2,182.2781103711
log comp,log,comp,9,2,395.0632178772
log comp,log,comp,10,2,918.0386188996
log comp,log,comp,11,2,1965.6420861538
log comp,log,comp,12,2,4275.6791456210
log comp,log,comp,13,2,9378.0215162246
log comp,log,comp,14,2,19925.2271518987
log comp,log,comp,15,2,43093.7791459290
log comp,log,comp,16,2,91364.0770742304
log comp,log,comp,17,2,194305.7737042315
log comp,log,comp,18,2,411770.0545857329
log comp,log,comp,19,2,867675.3864877853
log comp,log,comp,20,2,1828552.7183681624
log comp,log,comp,21,2,3835464.8484903965
log comp,log,comp,22,2,8037390.0793216648
log comp,log,comp,23,2,16800494.5085983202
log comp,log,comp,24,2,35053529.5302384198
log comp,log,comp,4,3,7.6496926237
log comp,log,comp,5,3,0.0857407288
log comp,log,comp,6,3,32.4427264872
log comp,log,comp,7,3,33.3057095633
log comp,log,comp,8,3,107.6956286794
log comp,log,comp,9,3,212.7851075061
log comp,log,comp,10,3,522.9754010224
log comp,log,comp,11,3,1047.6034672541
log comp,log,comp,12,3,2310.0370594672
log comp,log,comp,13,3,5102.3423706036
log comp,log,comp,14,3,10547.2056356741
log comp,log,comp,15,3,23168.5519940303
log comp,log,comp,16,3,48270.2979283014
log comp,log,comp,17,3,102941.6966300011
log comp,log,comp,18,3,217464.2808815014
log comp,log,comp,19,3,455905.3319020524
log comp,log,comp,20,3,960877.3318803771
log comp,log,comp,21,3,2006912.1301222341
log comp,log,comp,22,3,4201925.2308312682
log comp,log,comp,23,3,8763104.4292766564
log comp,log,comp,24,3,18253035.0216400996
log comp,log,comp,5,4,-7.5639518949
log comp,log,comp,6,4,32.3569857584
log comp,log,comp,7,4,0.8629830761
log comp,log,comp,8,4,74.3899191161
log comp,log,comp,9,4,105.0894788267
log comp,log,comp,10,4,310.1902935164
log comp,log,comp,11,4,524.6280662317
log comp,log,comp,12,4,1262.4335922131
log comp,log,comp,13,4,2792.3053111364
log comp,log,comp,14,4,5444.8632650705
log comp,log,comp,15,4,12621.3463583562
log comp,log,comp,16,4,25101.7459342711
log comp,log,comp,17,4,54671.3987016997
log comp,log,comp,18,4,114522.5842515003
log comp,log,comp,19,4,238441.0510205510
log comp,log,comp,20,4,504971.9999783247
log comp,log,comp,21,4,1046034.7982418570
log comp,log,comp,22,4,2195013.1007090341
log comp,log,comp,23,4,4561179.1984453881
log comp,log,comp,24,4,9489930.5923634432
log comp,log,comp,6,5,39.9209376534
log comp,log,comp,7,5,-31.4940026824
log comp,log,comp,8,5,73.5269360400
log comp,log,comp,9,5,30.6995597106
log comp,log,comp,10,5,205.1008146897
log comp,log,comp,11,5,214.4377727153
log comp,log,comp,12,5,737.8055259814
log comp,log,comp,13,5,1529.8717189233
log comp,log,comp,14,5,2652.5579539341
log comp,log,comp,15,5,7176.4830932857
log comp,log,comp,16,5,12480.3995759149
log comp,log,comp,17,5,29569.6527674287
log comp,log,comp,18,5,59851.1855498006
log comp,log,comp,19,5,123918.4667690507
log comp,log,comp,20,5,266530.9489577737
log comp,log,comp,21,5,541062.7982635322
log comp,log,comp,22,5,1148978.3024671772
log comp,log,comp,23,5,2366166.0977363540
log comp,log,comp,24,5,4928751.3939180551
beat comp,beat,comp,1,0,0.0000000000
beat comp,beat,comp,2,0,0.5000000000
beat comp,beat,comp,3,0,0.7618016811
beat comp,beat,comp,4,0,1.7136963656
beat comp,beat,comp,5,0,2.2317511525
beat comp,beat,comp,6,0,3.6460292725
beat comp,beat,comp,7,0,5.2481669046
beat comp,beat,comp,8,0,7.6656436595
beat comp,beat,comp,9,0,11.0143288617
beat comp,beat,comp,10,0,15.9947563993
beat comp,beat,comp,11,0,22.9457942909
beat comp,beat,comp,12,0,32.8106612975
beat comp,beat,comp,13,0,46.9985431683
beat comp,beat,comp,14,0,66.9816015946
beat comp,beat,comp,15,0,95.5854946811
beat comp,beat,comp,16,0,136.0601929215
beat comp,beat,comp,17,0,193.5686517399
beat comp,beat,comp,18,0,275.2834697788
beat comp,beat,comp,19,0,391.1132564829
beat comp,beat,comp,20,0,555.5790230473
beat comp,beat,comp,21,0,788.6939019957
beat comp,beat,comp,22,0,1119.3054393993
beat comp,beat,comp,23,0,1587.9865546015
beat comp,beat,comp,24,0,2252.2658680613
beat comp,beat,comp,2,1,0.5000000000
beat comp,beat,comp,3,1,0.2618016811
beat comp,beat,comp,4,1,0.9518946845
beat comp,beat,comp,5,1,0.5180547869
beat comp,beat,comp,6,1,1.4142781200
beat comp,beat,comp,7,1,1.6021376322
beat comp,beat,comp,8,1,2.4174767549
beat comp,beat,comp,9,1,3.3486852022
beat comp,beat,comp,10,1,4.9804275376
beat comp,beat,comp,11,1,6.9510378917
beat comp,beat,comp,12,1,9.8648670065
beat comp,beat,comp,13,1,14.1878818709
beat comp,beat,comp,14,1,19.9830584263
beat comp,beat,comp,15,1,28.6038930865
beat comp,beat,comp,16,1,40.4746982404
beat comp,beat,comp,17,1,57.5084588184
beat comp,beat,comp,18,1,81.7148180389
beat comp,beat,comp,19,1,115.8297867041
beat comp,beat,comp,20,1,164.4657665644
beat comp,beat,comp,21,1,233.1148789485
beat comp,beat,comp,22,1,330.6115374035
beat comp,beat,comp,23,1,468.6811152022
beat comp,beat,comp,24,1,664.2793134598
beat comp,beat,comp,3,2,-0.2381983189
beat comp,beat,comp,4,2,0.6900930035
beat comp,beat,comp,5,2,-0.4338398977
beat comp,beat,comp,6,2,0.8962233331
beat comp,beat,comp,7,2,0.1878595122
beat comp,beat,comp,8,2,0.8153391227
beat comp,beat,comp,9,2,0.9312084473
beat comp,beat,comp,10,2,1.6317423353
beat comp,beat,comp,11,2,1.9706103541
beat comp,beat,comp,12,2,2.9138291149
beat comp,beat,comp,13,2,4.3230148643
beat comp,beat,comp,14,2,5.7951765554
beat comp,beat,comp,15,2,8.6208346602
beat comp,beat,comp,16,2,11.8708051539
beat comp,beat,comp,17,2,17.0337605780
beat comp,beat,comp,18,2,24.2063592205
beat comp,beat,comp,19,2,34.1149686652
beat comp,beat,comp,20,2,48.6359798602
beat comp,beat,comp,21,2,68.6491123841
beat comp,beat,comp,22,2,97.4966584550
beat comp,beat,comp,23,2,138.0695777987
beat comp,beat,comp,24,2,195.5981982576
beat comp,beat,comp,4,3,0.9282913224
beat comp,beat,comp,5,3,-1.1239329012
beat comp,beat,comp,6,3,1.3300632308
beat comp,beat,comp,7,3,-0.7083638209
beat comp,beat,comp,8,3,0.6274796105
beat comp,beat,comp,9,3,0.1158693246
beat comp,beat,comp,10,3,0.7005338880
beat comp,beat,comp,11,3,0.3388680188
beat comp,beat,comp,12,3,0.9432187608
beat comp,beat,comp,13,3,1.4091857495
beat comp,beat,comp,14,3,1.4721616911
beat comp,beat,comp,15,3,2.8256581047
beat comp,beat,comp,16,3,3.2499704938
beat comp,beat,comp,17,3,5.1629554241
beat comp,beat,comp,18,3,7.1725986424
beat comp,beat,comp,19,3,9.9086094447
beat comp,beat,comp,20,3,14.5210111950
beat comp,beat,comp,21,3,20.0131325239
beat comp,beat,comp,22,3,28.8475460709
beat comp,beat,comp,23,3,40.5729193437
beat comp,beat,comp,24,3,57.5286204589
beat comp,beat,comp,5,4,-2.0522242236
beat comp,beat,comp,6,4,2.4539961320
beat comp,beat,comp,7,4,-2.0384270517
beat comp,beat,comp,8,4,1.3358434315
beat comp,beat,comp,9,4,-0.5116102859
beat comp,beat,comp,10,4,0.5846645634
beat comp,beat,comp,11,4,-0.3616658692
beat comp,beat,comp,12,4,0.6043507420
beat comp,beat,comp,13,4,0.4659669887
beat comp,beat,comp,14,4,0.0629759416
beat comp,beat,comp,15,4,1.3534964136
beat comp,beat,comp,16,4,0.4243123891
beat comp,beat,comp,17,4,1.9129849304
beat comp,beat,comp,18,4,2.0096432183
beat comp,beat,comp,19,4,2.7360108023
beat comp,beat,comp,20,4,4.6124017503
beat comp,beat,comp,21,4,5.4921213288
beat comp,beat,comp,22,4,8.8344135471
beat comp,beat,comp,23,4,11.7253732727
beat comp,beat,comp,24,4,16.9557011152
beat comp,beat,comp,6,5,4.5062203556
beat comp,beat,comp,7,5,-4.4924231837
beat comp,beat,comp,8,5,3.3742704832
beat comp,beat,comp,9,5,-1.8474537174
beat comp,beat,comp,10,5,1.0962748493
beat comp,beat,comp,11,5,-0.9463304326
beat comp,beat,comp,12,5,0.9660166112
beat comp,beat,comp,13,5,-0.1383837533
beat comp,beat,comp,14,5,-0.4029910471
beat comp,beat,comp,15,5,1.2905204720
beat comp,beat,comp,16,5,-0.9291840246
beat comp,beat,comp,17,5,1.4886725413
beat comp,beat,comp,18,5,0.0966582880
beat comp,beat,comp,19,5,0.7263675840
beat comp,beat,comp,20,5,1.8763909480
beat comp,beat,comp,21,5,0.8797195786
beat comp,beat,comp,22,5,3.3422922182
beat comp,beat,comp,23,5,2.8909597257
beat comp,beat,comp,24,5,5.2303278425
