regime,A_count,delta_1,delta_2,delta_3,delta_4,delta_5,delta_6,delta_7,delta_8,delta_9,delta_10,delta_11,delta_12,delta_13,delta_14,delta_15,delta_16,delta_17,delta_18,delta_19,delta_20,delta_21,delta_22,delta_23,delta_24,delta_25,delta_26,delta_27,delta_28,delta_29,delta_30,delta_31,delta_32,delta_33,delta_34,delta_35,delta_36,delta_37,delta_38,delta_39,delta_40,delta_41,delta_42,delta_43,delta_44,delta_45,delta_46,delta_47,delta_48,delta_49,delta_50,delta_51,delta_52,delta_53,delta_54,delta_55,delta_56,delta_57,delta_58,delta_59,delta_60,delta_61,delta_62,delta_63
1,0,,,,,,,,,,,,,,,,,,,,,,,,,,,,,,,,,,,,,,,,,,,,,,,,,,,,,,,,,,,,,,,
2,0,0,,,,,,,,,,,,,,,,,,,,,,,,,,,,,,,,,,,,,,,,,,,,,,,,,,,,,,,,,,,,,,
3,2,2,2,,,,,,,,,,,,,,,,,,,,,,,,,,,,,,,,,,,,,,,,,,,,,,,,,,,,,,,,,,,,,
4,2,0,-2,-4,,,,,,,,,,,,,,,,,,,,,,,,,,,,,,,,,,,,,,,,,,,,,,,,,,,,,,,,,,,,
5,5,3,3,5,9,,,,,,,,,,,,,,,,,,,,,,,,,,,,,,,,,,,,,,,,,,,,,,,,,,,,,,,,,,,
6,7,2,-1,-4,-9,-18,,,,,,,,,,,,,,,,,,,,,,,,,,,,,,,,,,,,,,,,,,,,,,,,,,,,,,,,,,
7,13,6,4,5,9,18,36,,,,,,,,,,,,,,,,,,,,,,,,,,,,,,,,,,,,,,,,,,,,,,,,,,,,,,,,,
8,23,10,4,0,-5,-14,-32,-68,,,,,,,,,,,,,,,,,,,,,,,,,,,,,,,,,,,,,,,,,,,,,,,,,,,,,,,,
9,43,20,10,6,6,11,25,57,125,,,,,,,,,,,,,,,,,,,,,,,,,,,,,,,,,,,,,,,,,,,,,,,,,,,,,,,
10,75,32,12,2,-4,-10,-21,-46,-103,-228,,,,,,,,,,,,,,,,,,,,,,,,,,,,,,,,,,,,,,,,,,,,,,,,,,,,,,
11,137,62,30,18,16,20,30,51,97,200,428,,,,,,,,,,,,,,,,,,,,,,,,,,,,,,,,,,,,,,,,,,,,,,,,,,,,,
12,255,118,56,26,8,-8,-28,-58,-109,-206,-406,-834,,,,,,,,,,,,,,,,,,,,,,,,,,,,,,,,,,,,,,,,,,,,,,,,,,,,
13,464,209,91,35,9,1,9,37,95,204,410,816,1650,,,,,,,,,,,,,,,,,,,,,,,,,,,,,,,,,,,,,,,,,,,,,,,,,,,
14,872,408,199,108,73,64,63,54,17,-78,-282,-692,-1508,-3158,,,,,,,,,,,,,,,,,,,,,,,,,,,,,,,,,,,,,,,,,,,,,,,,,,
15,1612,740,332,133,25,-48,-112,-175,-229,-246,-168,114,806,2314,5472,,,,,,,,,,,,,,,,,,,,,,,,,,,,,,,,,,,,,,,,,,,,,,,,,
16,3030,1418,678,346,213,188,236,348,523,752,998,1166,1052,246,-2068,-7540,,,,,,,,,,,,,,,,,,,,,,,,,,,,,,,,,,,,,,,,,,,,,,,,
17,5709,2679,1261,583,237,24,-164,-400,-748,-1271,-2023,-3021,-4187,-5239,-5485,-3417,4123,,,,,,,,,,,,,,,,,,,,,,,,,,,,,,,,,,,,,,,,,,,,,,,
18,10749,5040,2361,1100,517,280,256,420,820,1568,2839,4862,7883,12070,17309,22794,26211,22088,,,,,,,,,,,,,,,,,,,,,,,,,,,,,,,,,,,,,,,,,,,,,,
19,20390,9641,4601,2240,1140,623,343,87,-333,-1153,-2721,-5560,-10422,-18305,-30375,-47684,-70478,-96689,-118777,,,,,,,,,,,,,,,,,,,,,,,,,,,,,,,,,,,,,,,,,,,,,
20,38635,18245,8604,4003,1763,623,0,-343,-430,-97,1056,3777,9337,19759,38064,68439,116123,186601,283290,402067,,,,,,,,,,,,,,,,,,,,,,,,,,,,,,,,,,,,,,,,,,,,
21,73586,34951,16706,8102,4099,2336,1713,1713,2056,2486,2583,1527,-2250,-11587,-31346,-69410,-137849,-253972,-440573,-723863,-1125930,,,,,,,,,,,,,,,,,,,,,,,,,,,,,,,,,,,,,,,,,,,
22,140336,66750,31799,15093,6991,2892,556,-1157,-2870,-4926,-7412,-9995,-11522,-9272,2315,33661,103071,240920,494892,935465,1659328,2785258,,,,,,,,,,,,,,,,,,,,,,,,,,,,,,,,,,,,,,,,,,
23,268216,127880,61130,29331,14238,7247,4355,3799,4956,7826,12752,20164,30159,41681,50953,48638,14977,-88094,-329014,-823906,-1759371,-3418699,-6203957,,,,,,,,,,,,,,,,,,,,,,,,,,,,,,,,,,,,,,,,,
24,513708,245492,117612,56482,27151,12913,5666,1311,-2488,-7444,-15270,-28022,-48186,-78345,-120026,-170979,-219617,-234594,-146500,182514,1006420,2765791,6184490,12388447,,,,,,,,,,,,,,,,,,,,,,,,,,,,,,,,,,,,,,,,
25,985818,472110,226618,109006,52524,25373,12460,6794,5483,7971,15415,30685,58707,106893,185238,305264,476243,695860,930454,1076954,894440,-111980,-2877771,-9062261,-21450708,,,,,,,,,,,,,,,,,,,,,,,,,,,,,,,,,,,,,,,
26,1894120,908302,436192,209574,100568,48044,22671,10211,3417,-2066,-10037,-25452,-56137,-114844,-221737,-406975,-712239,-1188482,-1884342,-2814796,-3891750,-4786190,-4674210,-1796439,7265822,28716530,,,,,,,,,,,,,,,,,,,,,,,,,,,,,,,,,,,,,,
27,3645744,1751624,843322,407130,197556,96988,48944,26273,16062,12645,14711,24748,50200,106337,221181,442918,849893,1562132,2750614,4634956,7449752,11341502,16127692,20801902,22598341,15332519,-13384011,,,,,,,,,,,,,,,,,,,,,,,,,,,,,,,,,,,,,
28,7027290,3381546,1629922,786600,379470,181914,84926,35982,9709,-6353,-18998,-33709,-58457,-108657,-214994,-436175,-879093,-1728986,-3291118,-6041732,-10676688,-18126440,-29467942,-45595634,-66397536,-88995877,-104328396,-90944385,,,,,,,,,,,,,,,,,,,,,,,,,,,,,,,,,,,,
29,13561907,6534617,3153071,1523149,736549,357079,175165,90239,54257,44548,50901,69899,103608,162065,270722,485716,921891,1800984,3529970,6821088,12862820,23539508,41665948,71133890,116729524,183127060,272122937,376451333,467395718,,,,,,,,,,,,,,,,,,,,,,,,,,,,,,,,,,,
30,26207278,12645371,6110754,2957683,1434534,697985,340906,165741,75502,21245,-23303,-74204,-144103,-247711,-409776,-680498,-1166214,-2088105,-3889089,-7419059,-14240147,-27102967,-50642475,-92308423,-163442313,-280171837,-463298897,-735421834,-1111873167,-1579268885,,,,,,,,,,,,,,,,,,,,,,,,,,,,,,,,,,
31,50697537,24490259,11844888,5734134,2776451,1341917,643932,303026,137285,61783,40538,63841,138045,282148,529859,939635,1620133,2786347,4874452,8763541,16182600,30422747,57525714,108168189,200476612,363918925,644090762,1107389659,1842811493,2954684660,4533953545,,,,,,,,,,,,,,,,,,,,,,,,,,,,,,,,,
32,98182656,47485119,22994860,11149972,5415838,2639387,1297470,653538,350512,213227,151444,110906,47065,-90980,-373128,-902987,-1842622,-3462755,-6249102,-11123554,-19887095,-36069695,-66492442,-124018156,-232186345,-432662957,-796581882,-1440672644,-2548062303,-4390873796,-7345558456,-11879512001,,,,,,,,,,,,,,,,,,,,,,,,,,,,,,,,
33,190335585,92152929,44667810,21672950,10522978,5107140,2467753,1170283,516745,166233,-46994,-198438,-309344,-356409,-265429,107699,1010686,2853308,6316063,12565165,23688719,43575814,79645509,146137951,270156107,502342452,935005409,1731587291,3172259935,5720322238,10111196034,17456754490,29336266491,,,,,,,,,,,,,,,,,,,,,,,,,,,,,,,
34,369323305,178987720,86834791,42166981,20494031,9971053,4863913,2396160,1225877,709132,542899,589893,788331,1097675,1454084,1719513,1611814,601128,-2252180,-8568243,-21133408,-44822127,-88397941,-168043450,-314181401,-584337508,-1086679960,-2021685369,-3753272660,-6925532595,-12645854833,-22757050867,-40213805357,-69550071848,,,,,,,,,,,,,,,,,,,,,,,,,,,,,,
35,717267168,347943863,168956143,82121352,39954371,19460340,9489287,4625374,2229214,1003337,294205,-248694,-838587,-1626918,-2724593,-4178677,-5898190,-7510004,-8111132,-5858952,2709291,23842699,68664826,157062767,325106217,639287618,1223625126,2310305086,4331990455,8085263115,15010795710,27656650543,50413701410,90627506767,160177578615,,,,,,,,,,,,,,,,,,,,,,,,,,,,,
36,1394192236,676925068,328981205,160025062,77903710,37949339,18488999,8999712,4374338,2145124,1141787,847582,1096276,1934863,3561781,6286374,10465051,16363241,23873245,31984377,37843329,35134038,11291339,-57373487,-214436254,-539542471,-1178830089,-2402455215,-4712760301,-9044750756,-17130013871,-32140809581,-59797460124,-110211161534,-200838668301,-361016246916,,,,,,,,,,,,,,,,,,,,,,,,,,,,
37,2712103833,1317911597,640986529,312005324,151980262,74076552,36127213,17638214,8638502,4264164,2119040,977253,129671,-966605,-2901468,-6463249,-12749623,-23214674,-39577915,-63451160,-95435537,-133278866,-168412904,-179704243,-122330756,92105498,631647969,1810478058,4212933273,8925693574,17970444330,35100458201,67241267782,127038727906,237249889440,438088557741,799104804657,,,,,,,,,,,,,,,,,,,,,,,,,,,
38,5279763824,2567659991,1249748394,608761865,296756541,144776279,70699727,34572514,16934300,8295798,4031634,1912594,935341,805670,1772275,4673743,11136992,23886615,47101289,86679204,150130364,245565901,378844767,547257671,726961914,849292670,757187172,125539203,-1684938855,-5897872128,-14823565702,-32794010032,-67894468233,-135135736015,-262174463921,-499424353361,-937512911102,-1736617715759,,,,,,,,,,,,,,,,,,,,,,,,,,
39,10285641778,5005877954,2438217963,1188469569,579707704,282951163,138174884,67475157,32902643,15968343,7672545,3640911,1728317,792976,-12694,-1784969,-6458712,-17595704,-41482319,-88583608,-175262812,-325393176,-570959077,-949803844,-1497061515,-2224023429,-3073316099,-3830503271,-3956042474,-2271103619,3626768509,18450334211,51244344243,119138812476,254274548491,516449012412,1015873365773,1953386276875,3690003992634,,,,,,,,,,,,,,,,,,,,,,,,,
40,20051180846,9765539068,4759661114,2321443151,1132973582,553265878,270314715,132139831,64664674,31762031,15793688,8121143,4480232,2751915,1958939,1971633,3756602,10215314,27811018,69293337,157876945,333139757,658532933,1229492010,2179295854,3676357369,5900380798,8973696897,12804200168,16760242642,19031346261,15404577752,-3045756459,-54290100702,-173428913178,-427703461669,-944152474081,-1960025839854,-3913412116729,-7603416109363,,,,,,,,,,,,,,,,,,,,,,,,
41,39113482640,19062301794,9296762726,4537101612,2215658461,1082684879,529419001,259104286,126964455,62299781,30537750,14744062,6622919,2142687,-609228,-2568167,-4539800,-8296402,-18511716,-46322734,-115616071,-273493016,-606632773,-1265165706,-2494657716,-4673953570,-8350310939,-14250691737,-23224388634,-36028588802,-52788831444,-71820177705,-87224755457,-84178998998,-29888898296,143540014882,571243476551,1515395950632,3475421790486,7388833907215,14992250016578,,,,,,,,,,,,,,,,,,,,,,,
42,76344462797,37230980157,18168678363,8871915637,4334814025,2119155564,1036470685,507051684,247947398,120982943,58683162,28145412,13401350,6778431,4635744,5244972,7813139,12352939,20649341,39161057,85483791,201099862,474592878,1081225651,2346391357,4841049073,9515002643,17865313582,32116005319,55340393953,91368982755,144157814199,215977991904,303202747361,387381746359,417270644655,273730629773,-297512846778,-1812908797410,-5288330587896,-12677164495111,-27669414511689,,,,,,,,,,,,,,,,,,,,,,
43,149100679004,72756216207,35525236050,17356557687,8484642050,4149828025,2030672461,994201776,487150092,239202694,118219751,59536589,31391177,17989827,11211396,6575652,1330680,-6482459,-18835398,-39484739,-78645796,-164129587,-365229449,-839822327,-1921047978,-4267439335,-9108488408,-18623491051,-36488804633,-68604809952,-123945203905,-215314186660,-359472000859,-575449992763,-878652740124,-1266034486483,-1683305131138,-1957035760911,-1659522914133,153385883277,5441716471173,18118880966284,45788295477973,,,,,,,,,,,,,,,,,,,,,
44,291354668495,142253989491,69497773284,33972537234,16615979547,8131337497,3981509472,1950837011,956635235,469485143,230282449,112062698,52526109,21134932,3145105,-8066291,-14641943,-15972623,-9490164,9345234,48829973,127475769,291605356,656834805,1496657132,3417705110,7685144445,16793632853,35417123904,71905928537,140510738489,264455942394,479770129054,839242129913,1414692122676,2293344862800,3559379349283,5242684480421,7199720241332,8859243155465,8705857272188,3264140801015,-14854740165269,-60643035643242,,,,,,,,,,,,,,,,,,,,
45,569630404450,278275735955,136021746464,66523973180,32551435946,15935456399,7804118902,3822609430,1871772419,915137184,445652041,215369592,103306894,50780785,29645853,26500748,34567039,49208982,65181605,74671769,65326535,16496562,-110979207,-402584563,-1059419368,-2556076500,-5973781610,-13658926055,-30452558908,-65869682812,-137775611349,-278286349838,-542742292232,-1022512421286,-1861754551199,-3276446673875,-5569791536675,-9129170885958,-14371855366379,-21571575607711,-30430818763176,-39136676035364,-42400816836379,-27546076671110,33096958972132,,,,,,,,,,,,,,,,,,,
46,1114251967767,544621563317,266345827362,130324080898,63800107718,31248671772,15313215373,7509096471,3686487041,1814714622,899577438,453925397,238555805,135248911,84468126,54822273,28321525,-6245514,-55454496,-120636101,-195307870,-260634405,-277130967,-166151760,236432803,1295852171,3851928671,9825710281,23484636336,53937195244,119806878056,257582489405,535868839243,1078611131475,2101123552761,3962878103960,7239324777835,12809116314510,21938287200468,36310142566847,57881718174558,88312536937734,127449212973098,169850029809477,197396106480587,164299147508455,,,,,,,,,,,,,,,,,,
47,2180634225768,1066382258001,521760694684,255414867322,125090786424,61290678706,30042006934,14728791561,7219695090,3533208049,1718493427,818915989,364990592,126434787,-8814124,-93282250,-148104523,-176426048,-170180534,-114726038,5910063,201217933,461852338,738983305,905135065,668702262,-627149909,-4479078580,-14304788861,-37789425197,-91726620441,-211533498497,-469115987902,-1004984827145,-2083595958620,-4184719511381,-8147597615341,-15386922393176,-28196038707686,-50134325908154,-86444468475001,-144326186649559,-232638723587293,-360087936560391,-529937966369868,-727334072850455,-891633220358910,,,,,,,,,,,,,,,,,
48,4269555883753,2088921657985,1022539399984,500778705300,245363837978,120273051554,58982372848,28940365914,14211574353,6991879263,3458671214,1740177787,921261798,556271206,429836419,438650543,531932793,680037316,856463364,1026643898,1141369936,1135459873,934241940,472389602,-266593703,-1171728768,-1840431030,-1213281121,3265797459,17570586320,55360011517,147086631958,358620130455,827736118357,1832720945502,3916316904122,8101036415503,16248634030844,31635556424020,59831595131706,109965921039860,196410389514861,340736576164420,573375299751713,933463236312104,1463401202681972,2190735275532427,3082368495891337,,,,,,,,,,,,,,,,
49,8363243713308,4093687829555,2004766171570,982226771586,481448066286,236084228308,115811176754,56828803906,27888437992,13676863639,6684984376,3226313162,1486135375,564873577,8602371,-421234048,-859884591,-1391817384,-2071854700,-2928318064,-3954961962,-5096331898,-6231791771,-7166033711,-7638423313,-7371829610,-6200100842,-4359669812,-3146388691,-6412186150,-23982772470,-79342783987,-226429415945,-585049546400,-1412785664757,-3245506610259,-7161823514381,-15262859929884,-31511493960728,-63147050384748,-122978645516454,-232944566556314,-429354956071175,-770091532235595,-1343466831987308,-2276930068299412,-3740331270981384,-5931066546513811,-9013435042405148,,,,,,,,,,,,,,,
50,16388947026629,8025703313321,3932015483766,1927249312196,945022540610,463574474324,227490246016,111679069262,54850265356,26961827364,13284963725,6599979349,3373666187,1887530812,1322657235,1314054864,1735288912,2595173503,3986990887,6058845587,8987163651,12942125613,18038457511,24270249282,31436282993,39074706306,46446535916,52646636758,57006306570,60152695261,66564881411,90547653881,169890437868,396319853813,981369400213,2394155064970,5639661675229,12801485189610,28064345119494,59575839080222,122722889464970,245701534981424,478646101537738,908001057608913,1678092589844508,3021559421831816,5298489490131228,9038820761112612,14969887307626423,23983322350031571,,,,,,,,,,,,,,
51,32129520311897,15740573285268,7714869971947,3782854488181,1855605175985,910582635375,447008161051,219517915035,107838845773,52988580417,26026753053,12741789328,6141809979,2768143792,880612980,-442044255,-1756099119,-3491388031,-6086561534,-10073552421,-16132398008,-25119561659,-38061687272,-56100144783,-80370394065,-111806677058,-150881383364,-197327919280,-249974556038,-306980862608,-367133557869,-433698439280,-524246093161,-694136531029,-1090456384842,-2071825785055,-4465980850025,-10105642525254,-22907127714864,-50971472834358,-110547311914580,-233270201379550,-478971736360974,-957617837898712,-1865618895507625,-3543711485352133,-6565270907183949,-11863760397315177,-20902581158427789,-35872468466054212,-59855790816085783,,,,,,,,,,,,,
52,63012603695171,30883083383274,15142510098006,7427640126059,3644785637878,1789180461893,878597826518,431589665467,212071750432,104232904659,51244324242,25217571189,12475781861,6333971882,3565828090,2685215110,3127259365,4883358484,8374746515,14461308049,24534860470,40667258478,65786820137,103848507409,159948652192,240319046257,352125723315,503007106679,700335025959,950309581997,1257290444605,1624424002474,2058122441754,2582368534915,3276505065944,4366961450786,6438787235841,10904768085866,21010410611120,43917538325984,94889011160342,205436323074922,438706524454472,917678260815446,1875296098714158,3740914994221783,7284626479573916,13849897386757865,25713657784073042,46616238942500831,82488707408555043,142344498224640826,,,,,,,,,,,,
53,123627200537929,60614596842758,29731513459484,14589003361478,7161363235419,3516577597541,1727397135648,848799309130,417209643663,205137893231,100904988572,49660664330,24443093141,11967311280,5633339398,2067511308,-617703802,-3744963167,-8628321651,-17003068166,-31464376215,-55999236685,-96666495163,-162453315300,-266301822709,-426250474901,-666569521158,-1018695244473,-1521702351152,-2222037377111,-3172346959108,-4429637403713,-6054061406187,-8112183847941,-10694552382856,-13971057448800,-18338018899586,-24776806135427,-35681574221293,-56691984832413,-100609523158397,-195498534318739,-400934857393661,-839641381848133,-1757319642663579,-3632615741377737,-7373530735599520,-14658157215173436,-28508054601931301,-54221712386004343,-100837951328505174,-183326658737060217,-325671156961701043,,,,,,,,,,,
54,242637500756380,119010300218451,58395703375693,28664189916209,14075186554731,6913823319312,3397245721771,1669848586123,821049276993,403839633330,198701740099,97796751527,48136087197,23692994056,11725682776,6092343378,4024832070,4642535872,8387499039,17015820690,34018888856,65483265071,121482501756,218148996919,380602312219,646904134928,1073154609829,1739724130987,2758419375460,4280121726612,6502159103723,9674506062831,14104143466544,20158204872731,28270388720672,38964941103528,52935998552328,71274017451914,96050823587341,131732397808634,188424382641047,289033905799444,484532440118183,885467297511844,1725108679359977,3482428322023556,7115044063401293,14488574799000813,29146732014174249,57654786616105550,111876499002109893,212714450330615067,396041109067675284,721712266029376327,,,,,,,,,,
55,476379740340417,233742239584037,114731939365586,56336235989893,27672046073684,13596859518953,6683036199641,3285790477870,1615941891747,794892614754,391052981424,192351241325,94554489798,46418402601,22725408545,10999725769,4907382391,882550321,-3759985551,-12147484590,-29163305280,-63182194136,-128665459207,-250147960963,-468296957882,-848899270101,-1495803405029,-2568958014858,-4308682145845,-7067101521305,-11347223247917,-17849382351640,-27523888414471,-41628031881015,-61786236753746,-90056625474418,-129021566577946,-181957565130274,-253231582582188,-349282406169529,-481014803978163,-669439186619210,-958473092418654,-1443005532536837,-2328472830048681,-4053581509408658,-7536009831432214,-14651053894833507,-29139628693834320,-58286360708008569,-115941147324114119,-227817646326224012,-440532096656839079,-836573205724514363,-1558285471753890690,,,,,,,,,
56,935609435783649,459229695443232,225487455859195,110755516493609,54419280503716,26747234430032,13150374911079,6467338711438,3181548233568,1565606341821,770713727067,379660745643,187309504318,92755014520,46336611919,23611203374,12611477605,7704095214,6821544893,10581530444,22729015034,51892320314,115074514450,243739973657,493887934620,962184892502,1811084162603,3306887567632,5875845582490,10184527728335,17251629249640,28598852497557,46448234849197,73972123263668,115600155144683,177386391898429,267443017372847,396464583950793,578422149081067,831653731663255,1180936137832784,1661950941810947,2331390128430157,3289863220848811,4732868753385648,7061341583434329,11114923092842987,18650932924275201,33301986819108708,62441615512943028,120727976220951597,236669123545065716,464486769871289728,905018866528128807,1741592072252643170,3299877544006533860,,,,,,,,
57,1838131803685114,902522367901465,443292672458233,217805216599038,107049700105429,52630419601713,25883185171681,12732810260602,6265471549164,3083923315596,1518316973775,747603246708,367942501065,180632996747,87877982227,41541370308,17930166934,5318689329,-2385405885,-9206950778,-19788481222,-42517496256,-94409816570,-209484331020,-453224304677,-947112239297,-1909297131799,-3720381294402,-7027268862034,-12903114444524,-23087642172859,-40339271422499,-68938123920056,-115386358769253,-189358482032921,-304958637177604,-482345029076033,-749788046448880,-1146252630399673,-1724674779480740,-2556328511143995,-3737264648976779,-5399215590787726,-7730605719217883,-11020468940066694,-15753337693452342,-22814679276886671,-33929602369729658,-52580535294004859,-85882522113113567,-148324137626056595,-269052113847008192,-505721237392073908,-970208007263363636,-1875226873791492443,-3616818946044135613,-6916696490050669473,,,,,,,
58,3612389083130026,1774257279444912,871734911543447,428442239085214,210637022486176,103587322380747,50956902779034,25073717607353,12340907346751,6075435797587,2991512481991,1473195508216,725592261508,357649760443,177016763696,89138781469,47597411161,29667244227,24348554898,26733960783,35940911561,55729392783,98246889039,192656705609,402141036629,855365341306,1802477580603,3711774712402,7432156006804,14459424868838,27362539313362,50450181486221,90789452908720,159727576828776,275113935598029,464472417630950,769431054808554,1251776083884587,2001564130333467,3147816760733140,4872491540213880,7428820051357875,11166084700334654,16565300291122380,24295906010340263,35316374950406957,51069712643859299,73884391920745970,107813994290475628,160394529584480487,246277051697594054,394601189323650649,663653303170658841,1169374540562732749,2139582547826096385,4014809421617588828,7631628367661724441,14548324857712393914,,,,,,
59,7101392627457670,3489003544327644,1714746264882732,843011353339285,414569114254071,203932091767895,100344769387148,49387866608114,24314149000761,11973241654010,5897805856423,2906293374432,1433097866216,707505604708,349855844265,172839080569,83700299100,36102887939,6435643712,-17912911186,-44646871969,-80587783530,-136317176313,-234564065352,-427220770961,-829361807590,-1684727148896,-3487204729499,-7198979441901,-14631135448705,-29090560317543,-56453099630905,-106903281117126,-197692734025846,-357420310854622,-632534246452651,-1097006664083601,-1866437718892155,-3118213802776742,-5119777933110209,-8267594693843349,-13140086234057229,-20568906285415104,-31734990985749758,-48300291276872138,-72596197287212401,-107912572237619358,-158982284881478657,-232866676802224627,-340680671092700255,-501075200677180742,-747352252374774796,-1141953441698425445,-1805606744869084286,-2974981285431817035,-5114563833257913420,-9129373254875502248,-16761001622537226689,-31309326480249620603,,,,,
60,13964301601651670,6862908974194000,3373905429866356,1659159164983624,816147811644339,401578697390268,197646605622373,97301836235225,47913969627111,23599820626350,11626578972340,5728773115917,2822479741485,1389381875269,681876270561,332020426296,159181345727,75481046627,39378158688,32942514976,50855426162,95502298131,176090081661,312407257974,546971323326,974192094287,1803553901877,3488281050773,6975485780272,14174465222173,28805600670878,57896160988421,114349260619326,221252541736452,418945275762298,776365586616920,1408899833069571,2505906497153172,4372344216045327,7490558018822069,12610335951932278,20877930645775627,34018016879832856,54586923165247960,86321914150997718,134622205427869856,207218402715082257,315130974952701615,474113259834180272,706979936636404899,1047660607729105154,1548735808406285896,2296088060781060692,3438041502479486137,5243648247348570423,8218629532780387458,13333193366038300878,22462566620913803126,39223568243451029815,70532894723700650418,,,,
61,27467389548130805,13503087946479135,6640178972285135,3266273542418779,1607114377435155,790966565790816,389387868400548,191741262778175,94439426542950,46525456915839,22925636289489,11299057317149,5570284201232,2747804459747,1358422584478,676546313917,344525887621,185344541894,109863495267,70485336579,37542821603,-13312604559,-108814902690,-284904984351,-597312242325,-1144283565651,-2118475659938,-3922029561815,-7410310612588,-14385796392860,-28560261615033,-57365862285911,-115262023274332,-229611283893658,-450863825630110,-869809101392408,-1646174688009328,-3055074521078899,-5560981018232071,-9933325234277398,-17423883253099467,-30034219205031745,-50912149850807372,-84930166730640228,-139517089895888188,-225839004046885906,-360461209474755762,-567679612189838019,-882810587142539634,-1356923846976719906,-2063903783613124805,-3111564391342229959,-4660300199748515855,-6956388260529576547,-10394429763009062684,-15638078010357633107,-23856707543138020565,-37189900909176321443,-59652467530090124569,-98876035773541154384,-169408930497241804802,,,
62,54042323540385838,26574933992255033,13071846045775898,6431667073490763,3165393531071984,1558279153636829,767312587846013,377924719445465,186183456667290,91744030124340,45218573208501,22292936919012,10993879601863,5423595400631,2675790940884,1317368356406,640822042489,296296154868,110951612974,1088117707,-69397218872,-106940040475,-93627435916,15187466774,300092451125,897404693450,2041688259101,4160163919039,8082193480854,15492504093442,29878300486302,58438562101335,115804424387246,231066447661578,460677731555236,911541557185346,1781350658577754,3427525346587082,6482599867665981,12043580885898052,21976906120175450,39400789373274917,69435008578306662,120347158429114034,205277325159754262,344794415055642450,570633419102528356,931094628577284118,1498774240767122137,2381584827909661771,3738508674886381677,5802412458499506482,8913976849841736441,13574277049590252296,20530665310119828843,30925095073128891527,46563173083486524634,70419880626624545199,107609781535800866642,167262249065890991211,266138284839432145595,435547215336673950397,,
63,106356804267969411,52314480727583573,25739546735328540,12667700689552642,6236033616061879,3070640084989895,1512360931353066,745048343507053,367123624061588,180940167394298,89196137269958,43977564061457,21684627142445,10690747540582,5267152139951,2591361199067,1273992842661,633170800172,336874645304,225923032330,224834914623,294232133495,401172173970,494799609886,479612143112,179519691987,-717885001463,-2759573260564,-6919737179603,-15001930660457,-30494434753899,-60372735240201,-118811297341536,-234615721728782,-465682169390360,-926359900945596,-1837901458130942,-3619252116708696,-7046777463295778,-13529377330961759,-25572958216859811,-47549864337035261,-86950653710310178,-156385662288616840,-276732820717730874,-482010145877485136,-826804560933127586,-1397437980035655942,-2328532608612940060,-3827306849380062197,-6208891677289723968,-9947400352176105645,-15749812810675612127,-24663789660517348568,-38238066710107600864,-58768732020227429707,-89693827093356321234,-136257000176842845868,-206676880803467391067,-314286662339268257709,-481548911405159248920,-747687196244591394515,-1183234411581265344912,
64,209366672181778359,103009867913808948,50695387186225375,24955840450896835,12288139761344193,6052106145282314,2981466060292419,1469105128939353,724056785432300,356933161370712,175992993976414,86796856706456,42819292644999,21134665502554,10443917961972,5176765822021,2585404622954,1311411780293,678240980121,341366334817,115443302487,-109391612136,-403623745631,-804795919601,-1299595529487,-1779207672599,-1958727364586,-1240842363123,1518730897441,8438468077044,23440398737501,53934833491400,114307568731601,233118866073137,467734587801919,933416757192279,1859776658137875,3697678116268817,7316930232977513,14363707696273291,27893085027235050,53466043244094861,101015907581130122,187966561291440300,344352223580057140,621085044297788014,1103095190175273150,1929899751108400736,3327337731144056678,5655870339756996738,9483177189137058935,15692068866426782903,25639469218602888548,41389282029278500675,66053071689795849243,104291138399903450107,163059870420130879814,252753697513487201048,389010697690330046916,595687578493797437983,909974240833065695692,1391523152238224944612,2139210348482816339127,3322444760064081684039
