base,r,sign_change_depth,turnaround_depth,trend_ratio_shallow,max_depth_available,trend_ratio_predicted,trend_depart_depth,turnaround_censored,min_abs_depth,min_abs_value,value_at_depth0,n_depths
2,1,,,,0,0.5,,True,0,0,0,1
2,2,,,,1,0.5,1,True,0,0,0,2
2,3,,,1.0,2,0.5,1,False,0,2,2,3
2,4,2,1,1.0,3,0.5,1,False,1,0,2,4
2,5,,,1.0888888888888888,4,0.5,1,False,1,3,5,5
2,6,2,2,1.2619047619047619,5,0.5,1,False,2,1,7,6
2,7,,2,0.7927350427350427,6,0.5,2,False,2,4,13,7
2,8,4,3,0.2782608695652174,7,0.5,1,False,3,0,23,8
2,9,,,0.5217054263565891,8,0.5,3,False,3,6,43,9
2,10,4,3,0.3227777777777778,9,0.5,1,False,3,2,75,10
2,11,,4,0.5121419040891609,10,0.5,3,False,4,16,137,11
2,12,5,,0.46720236117045694,11,0.5,4,False,4,8,255,12
2,13,,5,0.4234843725542455,12,0.5,2,False,5,1,464,13
2,14,9,8,0.4994495247117641,13,0.5,4,False,8,17,872,14
2,15,5,4,0.4361027100825002,14,0.5,2,False,4,25,1612,15
2,16,14,5,0.4854831684349208,15,0.5,4,False,5,188,3030,16
2,17,6,5,0.4674295230782321,16,0.5,4,False,5,24,5709,17
2,18,,6,0.46774582830803685,17,0.5,6,False,6,256,10749,18
2,19,8,7,0.4789710517955917,18,0.5,6,False,7,87,20390,19
2,20,7,6,0.4696900577920305,19,0.5,4,False,6,0,38635,20
2,21,12,11,0.4793089950195613,20,0.5,5,False,11,1527,73586,21
2,22,7,6,0.475557082869849,21,0.5,5,False,6,556,140336,22
2,23,17,7,0.4782065651832957,22,0.5,6,False,7,3799,268216,23
2,24,8,7,0.47906979440021863,23,0.5,6,False,7,1311,513708,24
2,25,21,8,0.47997496638515164,24,0.5,8,False,8,5483,985818,25
2,26,9,9,0.48007613369938346,25,0.5,8,False,9,2066,1894120,26
2,27,26,9,0.4815593483189809,26,0.5,8,False,9,12645,3645744,27
2,28,9,9,0.4819355856344319,27,0.5,7,False,9,6353,7027290,28
2,29,,9,0.48247422027494924,28,0.5,8,False,9,44548,13561907,29
2,30,10,9,0.48325562539390593,29,0.5,9,False,9,21245,26207278,30
2,31,,10,0.4836083893497163,30,0.5,10,False,10,40538,50697537,31
2,32,13,12,0.4842614606805471,31,0.5,9,False,12,47065,98182656,32
3,1,,,,0,0.6666666666666666,,True,0,0,0,1
3,2,,,1.0,1,0.6666666666666666,1,True,0,2,2,2
3,3,,,0.4666666666666667,2,0.6666666666666666,1,True,2,1,5,3
3,4,,,0.6801282051282053,3,0.6666666666666666,1,True,3,4,13,4
3,5,,,0.5454002389486261,4,0.6666666666666666,1,True,4,1,31,5
3,6,,,0.6072449642625081,5,0.6666666666666666,1,True,5,11,76,6
3,7,,,0.632219935498624,6,0.6666666666666666,1,True,6,10,198,7
3,8,,,0.6184495938843765,7,0.6666666666666666,3,True,7,9,520,8
3,9,,,0.625674196416676,8,0.6666666666666666,6,True,8,74,1380,9
3,10,,,0.6361448416516806,9,0.6666666666666666,8,True,9,9,3741,10
3,11,,,0.629443711693855,10,0.6666666666666666,5,True,10,2,10129,11
3,12,,,0.6398829365128282,11,0.6666666666666666,7,True,11,1371,27837,12
3,13,9,8,0.6379382069130175,12,0.6666666666666666,6,False,8,672,76805,13
3,14,,9,0.6422054192874329,13,0.6666666666666666,8,False,9,8352,213610,14
3,15,10,10,0.6429619152499199,14,0.6666666666666666,7,False,10,3465,596911,15
3,16,,10,0.6447570750513445,15,0.6666666666666666,9,False,10,37413,1675905,16
3,17,12,11,0.646103270692976,16,0.6666666666666666,9,False,11,5720,4724994,17
3,18,,12,0.6472207852920121,17,0.6666666666666666,11,False,12,144854,13368647,18
3,19,14,13,0.648317836433876,18,0.6666666666666666,12,False,13,17982,37947482,19
3,20,,14,0.6492729458688821,19,0.6666666666666666,13,False,14,458454,108029690,20
3,21,16,15,0.6501307921124321,20,0.6666666666666666,14,False,15,288106,308345825,21
3,22,,16,0.6509050382536499,21,0.6666666666666666,16,False,16,1047717,882177037,22
3,23,19,18,0.6516186490369854,22,0.6666666666666666,16,False,18,1031302,2529347318,23
3,24,19,19,0.6522630045604099,23,0.6666666666666666,16,False,19,219076,7266270535,24
3,25,23,22,0.6528613435454252,24,0.6666666666666666,17,False,22,5515266,20912111193,25
3,26,19,19,0.6534073023096488,25,0.6666666666666666,16,False,19,2583823,60284108632,26
3,27,,19,0.653914070379674,26,0.6666666666666666,17,False,19,111356306,174049197968,27
3,28,20,19,0.6543831566779043,27,0.6666666666666666,17,False,19,35761676,503218277350,28
3,29,,20,0.6548188903063362,28,0.6666666666666666,18,False,20,739199933,1456840566871,29
3,30,21,20,0.6552248458505413,29,0.6666666666666666,18,False,20,116383274,4222790593589,30
3,31,,21,0.6556040902312087,30,0.6666666666666666,19,False,21,4017108115,12254164026373,31
3,32,22,21,0.6559588540873801,31,0.6666666666666666,20,False,21,1950043225,35598556455398,32
4,1,,,,0,0.75,,True,0,0,0,1
4,2,,,1.0,1,0.75,1,True,0,4,4,2
4,3,,,0.5833333333333333,2,0.75,1,True,2,4,12,3
4,4,,,0.6944444444444443,3,0.75,1,True,3,12,36,4
4,5,,,0.7087900861475008,4,0.75,1,True,4,30,118,5
4,6,,,0.6992087285035669,5,0.75,1,True,5,62,392,6
4,7,,,0.709921808293355,6,0.75,,True,6,190,1336,7
4,8,,,0.714331221141335,7,0.75,7,True,7,428,4642,8
4,9,,,0.7202009287214315,8,0.75,,True,8,1326,16458,9
4,10,,,0.7222813683272481,9,0.75,9,True,9,2943,59025,10
4,11,,,0.7251724519160447,10,0.75,,True,10,9978,213922,11
4,12,,,0.7272648333117542,11,0.75,11,True,11,21703,781924,12
4,13,,,0.729252812251238,12,0.75,,True,12,75682,2879938,13
4,14,,,0.7307658291953438,13,0.75,13,True,13,166291,10673034,14
4,15,,,0.7321499057820757,14,0.75,,True,14,593907,39769185,15
4,16,,,0.7333245338627842,15,0.75,15,True,15,1286463,148880193,16
4,17,,,0.7343729413883985,16,0.75,,True,16,4755854,559658890,17
4,18,,,0.735282441808001,17,0.75,17,True,17,10134488,2111459404,18
4,19,,,0.7361018281313676,18,0.75,,True,18,38763359,7991867657,19
4,20,,,0.7368308194719737,19,0.75,19,True,19,79580853,30336822624,20
4,21,,,0.7374887528565731,20,0.75,20,True,20,324425859,115457945437,21
4,22,,,0.7380837799839878,21,0.75,21,True,21,620678694,440455347499,22
4,23,,,0.7386251505488343,22,0.75,22,True,22,2739134751,1683882372217,23
4,24,,,0.7391193497830261,23,0.75,22,True,23,4963530457,6450190109521,24
4,25,,,0.7395726051654742,24,0.75,24,True,24,22840255915,24752190739937,25
4,26,,,0.7399895663323929,25,0.75,24,True,25,41305331178,95142124007068,26
4,27,,,0.7403745308582113,26,0.75,26,True,26,188850231397,366264701294309,27
4,28,,,0.7407310230873042,27,0.75,27,True,27,348764638092,1411989176124066,28
4,29,,,0.7410620661010842,28,0.75,28,True,28,1575901010224,5450520886815140,29
4,30,,,0.7413703070173461,29,0.75,29,True,29,2925247254838,21065694229109340,30
4,31,,,0.7416580121899597,30,0.75,30,True,30,13268162202273,81509713088516643,31
4,32,,,0.7419271688026882,31,0.75,31,True,31,24894392100871,315723476449747770,32
5,1,,,,0,0.8,,True,0,1,1,1
5,2,,,0.8333333333333334,1,0.8,,True,1,5,6,2
5,3,,,0.6904761904761905,2,0.8,1,True,2,10,21,3
5,4,,,0.7678571428571428,3,0.8,1,True,3,38,84,4
5,5,,,0.743431090330784,4,0.8,1,True,4,98,331,5
5,6,,,0.7641691989840704,5,0.8,,True,5,380,1376,6
5,7,,,0.76616455567448,6,0.8,,True,6,1159,5850,7
5,8,,,0.7716898165019175,7,0.8,,True,7,4348,25447,8
5,9,,,0.7750832210401594,8,0.8,,True,8,14770,112595,9
5,10,,,0.7775513767442007,9,0.8,,True,9,53780,504420,10
5,11,,,0.779899986831988,10,0.8,,True,10,195724,2284725,11
5,12,,,0.7817120731184174,11,0.8,,True,11,708019,10441007,12
5,13,,,0.7832276779227566,12,0.8,,True,12,2638875,48068720,13
5,14,,,0.7845187258082323,13,0.8,,True,13,9705604,222696071,14
5,15,,,0.7856271630094117,14,0.8,,True,14,36359759,1037312834,15
5,16,,,0.7865886649744948,15,0.8,,True,15,135843105,4854508493,16
5,17,,,0.7874291164217996,16,0.8,,True,16,511325485,22812078022,17
5,18,,,0.7881708932877313,17,0.8,,True,17,1929643959,107587021274,18
5,19,,,0.7888305637768851,18,0.8,,True,18,7303895522,509045864266,19
5,20,,,0.7894202957274202,19,0.8,,True,19,27738109296,2415508758866,20
5,21,,,0.7899511757796848,20,0.8,,True,20,105616861322,11491860460832,21
5,22,,,0.790431329768489,21,0.8,,True,21,402696609331,54801811563343,22
5,23,,,0.7908677431283468,22,0.8,,True,22,1541744408444,261896523844391,23
5,24,,,0.7912661383248442,23,0.8,,True,23,5897933420784,1254048316456280,24
5,25,,,0.7916312505275259,24,0.8,,True,24,22671114686967,6015586711332497,25
5,26,,,0.7919670906701417,25,0.8,,True,25,87042773354024,28904057691083225,26
5,27,,,0.7922770370828159,26,0.8,,True,26,335455113897629,139091885362685824,27
6,1,,,,0,0.8333333333333334,,True,0,1,1,1
6,2,,,0.875,1,0.8333333333333334,,True,1,7,8,2
6,3,,,0.7638888888888888,2,0.8333333333333334,1,True,2,21,36,3
6,4,,,0.7821824837427949,3,0.8333333333333334,1,True,3,78,163,4
6,5,,,0.7926791227151172,4,0.8333333333333334,,True,4,308,775,5
6,6,,,0.7999973178999454,5,0.8333333333333334,,True,5,1270,3836,6
6,7,,,0.8058482646072611,6,0.8333333333333334,,True,6,5448,19606,7
6,8,,,0.8092453088389814,7,0.8333333333333334,,True,7,23492,102299,8
6,9,,,0.8122172749207106,8,0.8333333333333334,,True,8,104533,542706,9
6,10,,,0.8146322639035503,9,0.8333333333333334,,True,9,468375,2918716,10
6,11,,,0.816459108645711,10,0.8333333333333334,,True,10,2118939,15864890,11
6,12,,,0.8180197440127316,11,0.8333333333333334,,True,11,9719116,87007834,12
6,13,,,0.8192948102459178,12,0.8333333333333334,,True,12,44633085,480715333,13
6,14,,,0.8203837995287357,13,0.8333333333333334,,True,13,207397472,2672697063,14
6,15,,,0.8213153907330418,14,0.8333333333333334,,True,14,964758115,14940215108,15
6,16,,,0.8221219192612192,15,0.8333333333333334,,True,15,4521436152,83906960290,16
6,17,,,0.8228274310893348,16,0.8333333333333334,,True,16,21241576329,473173969788,17
6,18,,,0.8234495495930192,17,0.8333333333333334,,True,17,100234114427,2678040503680,18
6,19,,,0.8240021929146971,18,0.8333333333333334,,True,18,474325404639,15205931369398,19
6,20,,,0.8244963717492109,19,0.8333333333333334,,True,19,2251320601592,86588847805324,20
6,21,,,0.8249409026855697,20,0.8333333333333334,,True,20,10712823263340,494355441566238,21
6,22,,,0.8253428948309075,21,0.8333333333333334,,True,21,51095648915975,2829034130096619,22
6,23,,,0.8257081652773111,22,0.8333333333333334,,True,22,244226305200239,16224306919681091,23
6,24,,,0.8260415264062851,23,0.8333333333333334,,True,23,1169606334784895,93227237781524777,24
7,1,,,,0,0.8571428571428571,,True,0,2,2,1
7,2,,,0.8181818181818182,1,0.8571428571428571,,True,1,9,11,2
7,3,,,0.7890835579514826,2,0.8571428571428571,1,True,2,33,53,3
7,4,,,0.8228466006871239,3,0.8571428571428571,,True,3,161,289,4
7,5,,,0.8170867546455055,4,0.8571428571428571,,True,4,702,1582,5
7,6,,,0.8294735803740698,5,0.8571428571428571,,True,5,3662,9159,6
7,7,,,0.8331339999706217,6,0.8571428571428571,,True,6,18314,54587,7
7,8,,,0.8362684494393351,7,0.8571428571428571,,True,7,96016,332079,8
7,9,,,0.8390398927963097,8,0.8571428571428571,,True,8,511001,2056147,9
7,10,,,0.8409909214809584,9,0.8571428571428571,,True,9,2740792,12899412,10
7,11,,,0.842642929068249,10,0.8571428571428571,,True,10,14948316,81810282,11
7,12,,,0.843973246975151,11,0.8571428571428571,,True,11,81894078,523482612,12
7,13,,,0.8450797863457876,12,0.8571428571428571,,True,12,453013784,3374503621,13
7,14,,,0.8460178419378805,13,0.8571428571428571,,True,13,2519118840,21890033002,14
7,15,,,0.8468200037381006,14,0.8571428571428571,,True,14,14086845965,142765693979,15
7,16,,,0.8475147018449513,15,0.8571428571428571,,True,15,79142073750,935476234561,16
7,17,,,0.8481218891755381,16,0.8571428571428571,,True,16,446399180816,6154898653552,17
7,18,,,0.848657145014998,17,0.8571428571428571,,True,17,2527176769368,40642497729329,18
7,19,,,0.8491324849582629,18,0.8571428571428571,,True,18,14351967994760,269238815942031,19
7,20,,,0.849557455352769,19,0.8571428571428571,,True,19,81742219239182,1788737164077317,20
7,21,,,0.8499396363674075,20,0.8571428571428571,,True,20,466757456562991,11914684056364607,21
7,22,,,0.8502851808220603,21,0.8571428571428571,,True,21,2671517345291327,79549770758428631,22
8,1,,,,0,0.875,,True,0,2,2,1
8,2,,,0.8571428571428571,1,0.875,,True,1,12,14,2
8,3,,,0.8190847127555989,2,0.875,1,True,2,53,79,3
8,4,,,0.8330742190902138,3,0.875,,True,3,270,467,4
8,5,,,0.8436250090083991,4,0.875,,True,4,1500,2948,5
8,6,,,0.8499516045698882,5,0.875,,True,5,8696,19488,6
8,7,,,0.8537558054329698,6,0.875,,True,6,51666,132611,7
8,8,,,0.8567301112870425,7,0.875,,True,7,314833,922260,8
8,9,,,0.8590699836992179,8,0.875,,True,8,1951692,6525682,9
8,10,,,0.8608507531325594,9,0.875,,True,9,12247921,46796475,10
8,11,,,0.8622804282454121,10,0.875,,True,10,77739309,339215778,11
8,12,,,0.863452908936403,11,0.875,,True,11,497660742,2480782709,12
8,13,,,0.864427831666217,12,0.875,,True,12,3209376081,18277509435,13
8,14,,,0.8652505864808501,13,0.875,,True,13,20825907813,135509126283,14
8,15,,,0.8659550799545296,14,0.875,,True,14,135868317862,1010085751949,15
8,16,,,0.8665647563967068,15,0.875,,True,15,890500002886,7564442077288,16
8,17,,,0.8670974787105807,16,0.875,,True,16,5860330716980,56881711051834,17
8,18,,,0.8675669855880983,17,0.875,,True,17,38705010599080,429277304989480,18
8,19,,,0.8679838750915887,18,0.875,,True,18,256448672712459,3250120979809180,19
8,20,,,0.8683565163127508,19,0.875,,True,19,1704031949340474,24678083312239366,20
8,21,,,0.868691594388204,20,0.875,,True,20,11352059155638030,187866517356486054,21
9,1,,,,0,0.8888888888888888,,True,0,2,2,1
9,2,,,0.8888888888888888,1,0.8888888888888888,,True,1,16,18,2
9,3,,,0.8260002100178515,2,0.8888888888888888,1,True,2,73,107,3
9,4,,,0.8551551130921968,3,0.8888888888888888,,True,3,449,718,4
9,5,,,0.8611219200692771,4,0.8888888888888888,,True,4,2821,5121,5
9,6,,,0.8659127698508794,5,0.8888888888888888,,True,5,18559,37966,6
9,7,,,0.8698831354182482,6,0.8888888888888888,,True,6,126573,290415,7
9,8,,,0.8726450216825129,7,0.8888888888888888,,True,7,880969,2272816,8
9,9,,,0.8746906311258701,8,0.8888888888888888,,True,8,6237753,18093641,9
9,10,,,0.8762835298274415,9,0.8888888888888888,,True,9,44756009,145977172,10
9,11,,,0.8775677820227293,10,0.8888888888888888,,True,10,324640672,1190522862,11
9,12,,,0.878611347940479,11,0.8888888888888888,,True,11,2374980759,9795617853,12
9,13,,,0.8794802159425577,12,0.8888888888888888,,True,12,17505276835,81196219825,13
9,14,,,0.8802137054155436,13,0.8888888888888888,,True,13,129819631685,677267475318,14
9,15,,,0.8808413533571863,14,0.8888888888888888,,True,14,967940580089,5679631160460,15
9,16,,,0.881384366950316,15,0.8888888888888888,,True,15,7250398725011,47852720481771,16
9,17,,,0.881858800963715,16,0.8888888888888888,,True,16,54531048050295,404826000267543,17
9,18,,,0.8822768576011915,17,0.8888888888888888,,True,17,411607451843060,3437147319667185,18
9,19,,,0.8826480160460825,18,0.8888888888888888,,True,18,3116816961222777,29276754100851717,19
9,20,,,0.8829797425075068,19,0.8888888888888888,,True,19,23669123662730232,250090335847121166,20
