Regime,P_count,P_Δ1,P_Δ2,P_Δ3,P_Δ4,P_Δ5,P_Δ6,P_Δ7,P_Δ8,P_Δ9,P_Δ10,P_Δ11,P_Δ12,P_Δ13,P_Δ14,P_Δ15,P_Δ16,P_Δ17,│,C_count,C_Δ1,C_Δ2,C_Δ3,C_Δ4,C_Δ5,C_Δ6,C_Δ7,C_Δ8,C_Δ9,C_Δ10,C_Δ11,C_Δ12,C_Δ13,C_Δ14,C_Δ15,C_Δ16,C_Δ17,│,C-P_count,(C-P)_Δ1,(C-P)_Δ2,(C-P)_Δ3,(C-P)_Δ4,(C-P)_Δ5,(C-P)_Δ6,(C-P)_Δ7,(C-P)_Δ8,(C-P)_Δ9,(C-P)_Δ10,(C-P)_Δ11,(C-P)_Δ12,(C-P)_Δ13,(C-P)_Δ14,(C-P)_Δ15,(C-P)_Δ16,(C-P)_Δ17,│,Interval,P+C,Gap
1,0,,,,,,,,,,,,,,,,,,│,1,,,,,,,,,,,,,,,,,,│,1,,,,,,,,,,,,,,,,,,│,1,1,0
2,0,0,,,,,,,,,,,,,,,,,│,2,1,,,,,,,,,,,,,,,,,│,2,1,,,,,,,,,,,,,,,,,│,2,2,0
3,2,2,2,,,,,,,,,,,,,,,,│,2,0,-1,,,,,,,,,,,,,,,,│,0,-2,-3,,,,,,,,,,,,,,,,│,4,4,0
4,2,0,-2,-4,,,,,,,,,,,,,,,│,6,4,4,5,,,,,,,,,,,,,,,│,4,4,6,9,,,,,,,,,,,,,,,│,8,8,0
5,5,3,3,5,9,,,,,,,,,,,,,,│,11,5,1,-3,-8,,,,,,,,,,,,,,│,6,2,-2,-8,-17,,,,,,,,,,,,,,│,16,16,0
6,7,2,-1,-4,-9,-18,,,,,,,,,,,,,│,25,14,9,8,11,19,,,,,,,,,,,,,│,18,12,10,12,20,37,,,,,,,,,,,,,│,32,32,0
7,13,6,4,5,9,18,36,,,,,,,,,,,,│,51,26,12,3,-5,-16,-35,,,,,,,,,,,,│,38,20,8,-2,-14,-34,-71,,,,,,,,,,,,│,64,64,0
8,23,10,4,0,-5,-14,-32,-68,,,,,,,,,,,│,105,54,28,16,13,18,34,69,,,,,,,,,,,│,82,44,24,16,18,32,66,137,,,,,,,,,,,│,128,128,0
9,43,20,10,6,6,11,25,57,125,,,,,,,,,,│,213,108,54,26,10,-3,-21,-55,-124,,,,,,,,,,│,170,88,44,20,4,-14,-46,-112,-249,,,,,,,,,,│,256,256,0
10,75,32,12,2,-4,-10,-21,-46,-103,-228,,,,,,,,,│,437,224,116,62,36,26,29,50,105,229,,,,,,,,,│,362,192,104,60,40,36,50,96,208,457,,,,,,,,,│,512,512,0
11,137,62,30,18,16,20,30,51,97,200,428,,,,,,,,│,887,450,226,110,48,12,-14,-43,-93,-198,-427,,,,,,,,│,750,388,196,92,32,-8,-44,-94,-190,-398,-855,,,,,,,,│,1024,1024,0
12,255,118,56,26,8,-8,-28,-58,-109,-206,-406,-834,,,,,,,│,1793,906,456,230,120,72,60,74,117,210,408,835,,,,,,,│,1538,788,400,204,112,80,88,132,226,416,814,1669,,,,,,,│,2048,2048,0
13,464,209,91,35,9,1,9,37,95,204,410,816,1650,,,,,,│,3632,1839,933,477,247,127,55,-5,-79,-196,-406,-814,-1649,,,,,,│,3168,1630,842,442,238,126,46,-42,-174,-400,-816,-1630,-3299,,,,,,│,4096,4096,0
14,872,408,199,108,73,64,63,54,17,-78,-282,-692,-1508,-3158,,,,,│,7320,3688,1849,916,439,192,65,10,15,94,290,696,1510,3159,,,,,│,6448,3280,1650,808,366,128,2,-44,-2,172,572,1388,3018,6317,,,,,│,8192,8192,0
15,1612,740,332,133,25,-48,-112,-175,-229,-246,-168,114,806,2314,5472,,,,│,14772,7452,3764,1915,999,560,368,303,293,278,184,-106,-802,-2312,-5471,,,,│,13160,6712,3432,1782,974,608,480,478,522,524,352,-220,-1608,-4626,-10943,,,,│,16384,16384,0
16,3030,1418,678,346,213,188,236,348,523,752,998,1166,1052,246,-2068,-7540,,,│,29738,14966,7514,3750,1835,836,276,-92,-395,-688,-966,-1150,-1044,-242,2070,7541,,,│,26708,13548,6836,3404,1622,648,40,-440,-918,-1440,-1964,-2316,-2096,-488,4138,15081,,,│,32768,32768,0
17,5709,2679,1261,583,237,24,-164,-400,-748,-1271,-2023,-3021,-4187,-5239,-5485,-3417,4123,,│,59827,30089,15123,7609,3859,2024,1188,912,1004,1399,2087,3053,4203,5247,5489,3419,-4122,,│,54118,27410,13862,7026,3622,2000,1352,1312,1752,2670,4110,6074,8390,10486,10974,6836,-8245,,│,65536,65536,0
18,10749,5040,2361,1100,517,280,256,420,820,1568,2839,4862,7883,12070,17309,22794,26211,22088,│,120323,60496,30407,15284,7675,3816,1792,604,-308,-1312,-2711,-4798,-7851,-12054,-17301,-22790,-26209,-22087,│,109574,55456,28046,14184,7158,3536,1536,184,-1128,-2880,-5550,-9660,-15734,-24124,-34610,-45584,-52420,-44175,│,131072,131072,0
19,20390,9641,4601,2240,1140,623,343,87,-333,-1153,-2721,-5560,-10422,-18305,-30375,-47684,-70478,-96689,│,241754,121431,60935,30528,15244,7569,3753,1961,1357,1665,2977,5688,10486,18337,30391,47692,70482,96691,│,221364,111790,56334,28288,14104,6946,3410,1874,1690,2818,5698,11248,20908,36642,60766,95376,140960,193380,│,262144,262144,0
20,38635,18245,8604,4003,1763,623,0,-343,-430,-97,1056,3777,9337,19759,38064,68439,116123,186601,│,485653,243899,122468,61533,31005,15761,8192,4439,2478,1121,-544,-3521,-9209,-19695,-38032,-68423,-116115,-186597,│,447018,225654,113864,57530,29242,15138,8192,4782,2908,1218,-1600,-7298,-18546,-39454,-76096,-136862,-232238,-373198,│,524288,524288,0
21,73586,34951,16706,8102,4099,2336,1713,1713,2056,2486,2583,1527,-2250,-11587,-31346,-69410,-137849,-253972,│,974990,489337,245438,122970,61437,30432,14671,6479,2040,-438,-1559,-1015,2506,11715,31410,69442,137865,253980,│,901404,454386,228732,114868,57338,28096,12958,4766,-16,-2924,-4142,-2542,4756,23302,62756,138852,275714,507952,│,1048576,1048576,0
22,140336,66750,31799,15093,6991,2892,556,-1157,-2870,-4926,-7412,-9995,-11522,-9272,2315,33661,103071,240920,│,1956816,981826,492489,247051,124081,62644,32212,17541,11062,9022,9460,11019,12034,9528,-2187,-33597,-103039,-240904,│,1816480,915076,460690,231958,117090,59752,31656,18698,13932,13948,16872,21014,23556,18800,-4502,-67258,-206110,-481824,│,2097152,2097152,0
23,268216,127880,61130,29331,14238,7247,4355,3799,4956,7826,12752,20164,30159,41681,50953,48638,14977,-88094,│,3926088,1969272,987446,494957,247906,123825,61181,28969,11428,366,-8656,-18116,-29135,-41169,-50697,-48510,-14913,88126,│,3657872,1841392,926316,465626,233668,116578,56826,25170,6472,-7460,-21408,-38280,-59294,-82850,-101650,-97148,-29890,176220,│,4194304,4194304,0
24,513708,245492,117612,56482,27151,12913,5666,1311,-2488,-7444,-15270,-28022,-48186,-78345,-120026,-170979,-219617,-234594,│,7874900,3948812,1979540,992094,497137,249231,125406,64225,35256,23828,23462,32118,50234,79369,120538,171235,219745,234658,│,7361192,3703320,1861928,935612,469986,236318,119740,62914,37744,31272,38732,60140,98420,157714,240564,342214,439362,469252,│,8388608,8388608,0
25,985818,472110,226618,109006,52524,25373,12460,6794,5483,7971,15415,30685,58707,106893,185238,305264,476243,695860,│,15791398,7916498,3967686,1988146,996052,498915,249684,124278,60053,24797,969,-22493,-54611,-104845,-184214,-304752,-475987,-695732,│,14805580,7444388,3741068,1879140,943528,473542,237224,117484,54570,16826,-14446,-53178,-113318,-211738,-369452,-610016,-952230,-1391592,│,16777216,16777216,0
26,1894120,908302,436192,209574,100568,48044,22671,10211,3417,-2066,-10037,-25452,-56137,-114844,-221737,-406975,-712239,-1188482,│,31660312,15868914,7952416,3984730,1996584,1000532,501617,251933,127655,67602,42805,41836,64329,118940,223785,407999,712751,1188738,│,29766192,14960612,7516224,3775156,1896016,952488,478946,241722,124238,69668,52842,67288,120466,233784,445522,814974,1424990,2377220,│,33554432,33554432,0
27,3645744,1751624,843322,407130,197556,96988,48944,26273,16062,12645,14711,24748,50200,106337,221181,442918,849893,1562132,│,63463120,31802808,15933894,7981478,3996748,2000164,999632,498015,246082,118427,50825,8020,-33816,-98145,-217085,-440870,-848869,-1561620,│,59817376,30051184,15090572,7574348,3799192,1903176,950688,471742,230020,105782,36114,-16728,-84016,-204482,-438266,-883788,-1698762,-3123752,│,67108864,67108864,0
28,7027290,3381546,1629922,786600,379470,181914,84926,35982,9709,-6353,-18998,-33709,-58457,-108657,-214994,-436175,-879093,-1728986,│,127190438,63727318,31924510,15990616,8009138,4012390,2012226,1012594,514579,268497,150070,99245,91225,125041,223186,440271,881141,1730010,│,120163148,60345772,30294588,15204016,7629668,3830476,1927300,976612,504870,274850,169068,132954,149682,233698,438180,876446,1760234,3458996,│,134217728,134217728,0
